Session,EventName,Date,Time,FullName,Phone,Email,Gender,BirthDate,MediaType,Duration(sec),LayersUsed,QR_Scans,SavedToDevice,SharedToSocial,FileName
1,No Event Name,26/5/2026,4:33:28,N/A,N/A,N/A,N/A,N/A,Photo,21.4,pride,1,0,0,SGS_Event_2026-05-26_04-33-28.jpg
2,No Event Name,26/5/2026,4:34:29,N/A,N/A,N/A,N/A,N/A,Abandoned,23.3,pride,0,0,0,N/A
3,No Event Name,26/5/2026,4:34:59,N/A,N/A,N/A,N/A,N/A,Video,15,nextopia,1,0,0,SGS_Event_2026-05-26_04-34-59.mp4
4,No Event Name,26/5/2026,4:37:24,N/A,N/A,N/A,N/A,N/A,Abandoned,30.5,nextopia,0,0,0,N/A
5,No Event Name,26/5/2026,4:38:30,N/A,N/A,N/A,N/A,N/A,Abandoned,30.5,pride,0,0,0,N/A
1,No Event Name,26/5/2026,4:46:10,N/A,N/A,N/A,N/A,N/A,Abandoned,30.5,pride,0,0,0,N/A
2,No Event Name,26/5/2026,4:48:50,N/A,N/A,N/A,N/A,N/A,Video,155.9,pride,0,0,0,SGS_Event_2026-05-26_04-48-50.mp4
3,No Event Name,26/5/2026,4:49:47,N/A,N/A,N/A,N/A,N/A,Abandoned,30.5,nextopia,0,0,0,N/A
4,No Event Name,26/5/2026,4:53:20,N/A,N/A,N/A,N/A,N/A,Abandoned,207.4,nextopia,0,0,0,N/A
5,No Event Name,26/5/2026,7:45:26,N/A,N/A,N/A,N/A,N/A,Abandoned,30.5,pride,0,0,0,N/A
6,No Event Name,26/5/2026,7:46:11,N/A,N/A,N/A,N/A,N/A,Abandoned,30.5,nextopia,0,0,0,N/A
7,No Event Name,26/5/2026,9:18:34,N/A,N/A,N/A,N/A,N/A,Photo,19.9,nextopia,1,0,0,SGS_Event_2026-05-26_09-18-34.jpg
8,No Event Name,26/5/2026,11:20:13,N/A,N/A,N/A,N/A,N/A,Photo,113.9,nextopia,0,0,0,SGS_Event_2026-05-26_11-20-13.jpg
9,No Event Name,26/5/2026,11:43:55,N/A,N/A,N/A,N/A,N/A,Photo,15.9,pride,1,1,0,SGS_Event_2026-05-26_11-43-55.jpg
10,No Event Name,26/5/2026,12:09:16,N/A,N/A,N/A,N/A,N/A,Abandoned,30.5,pride,0,0,0,N/A
11,No Event Name,26/5/2026,12:48:39,N/A,N/A,N/A,N/A,N/A,Abandoned,30.5,pride,0,0,0,N/A
13,No Event Name,26/5/2026,12:58:05,N/A,N/A,N/A,N/A,N/A,Abandoned,178.7,pride,0,0,0,N/A
14,No Event Name,26/5/2026,13:12:26,N/A,N/A,N/A,N/A,N/A,Photo,16.1,pride,0,0,0,SGS_Event_2026-05-26_13-12-26.jpg
15,No Event Name,26/5/2026,13:26:04,N/A,N/A,N/A,N/A,N/A,Video,42.5,nextopia,1,1,0,SGS_Event_2026-05-26_13-26-04.mp4
16,No Event Name,26/5/2026,13:27:20,N/A,N/A,N/A,N/A,N/A,Video,42.4,nextopia,1,1,0,SGS_Event_2026-05-26_13-27-20.mp4
17,No Event Name,26/5/2026,13:30:01,N/A,N/A,N/A,N/A,N/A,Photo,71.5,nextopia,3,1,0,SGS_Event_2026-05-26_13-30-01.jpg
19,No Event Name,26/5/2026,13:54:31,N/A,N/A,N/A,N/A,N/A,Abandoned,30.5,nextopia,0,0,0,N/A
21,No Event Name,26/5/2026,14:01:27,N/A,N/A,N/A,N/A,N/A,Abandoned,30.5,nextopia,0,0,0,N/A
22,No Event Name,26/5/2026,14:29:31,N/A,N/A,N/A,N/A,N/A,Video,38.8,pride,1,1,0,SGS_Event_2026-05-26_14-29-31.mp4
23,No Event Name,26/5/2026,14:31:25,N/A,N/A,N/A,N/A,N/A,Photo,45.8,pride,2,1,0,SGS_Event_2026-05-26_14-31-25.jpg
24,No Event Name,26/5/2026,14:37:09,N/A,N/A,N/A,N/A,N/A,Video,23.2,nextopia,2,1,0,SGS_Event_2026-05-26_14-37-09.mp4
25,No Event Name,26/5/2026,14:38:53,N/A,N/A,N/A,N/A,N/A,Video,45.1,nextopia,1,1,0,SGS_Event_2026-05-26_14-38-53.mp4
26,No Event Name,26/5/2026,14:39:33,N/A,N/A,N/A,N/A,N/A,Video,20.6,nextopia,1,1,0,SGS_Event_2026-05-26_14-39-33.mp4
27,No Event Name,26/5/2026,14:43:09,N/A,N/A,N/A,N/A,N/A,Video,42.9,pride,0,0,0,SGS_Event_2026-05-26_14-43-09.mp4
28,No Event Name,26/5/2026,14:43:44,N/A,N/A,N/A,N/A,N/A,Photo,28.2,pride,2,1,0,SGS_Event_2026-05-26_14-43-44.jpg
29,No Event Name,26/5/2026,14:54:06,N/A,N/A,N/A,N/A,N/A,Video,85.8,nextopia,1,0,0,SGS_Event_2026-05-26_14-54-06.mp4
30,No Event Name,26/5/2026,14:56:20,N/A,N/A,N/A,N/A,N/A,Abandoned,30.5,pride,0,0,0,N/A
33,No Event Name,26/5/2026,15:11:40,N/A,N/A,N/A,N/A,N/A,Photo,41.6,nextopia,0,0,0,SGS_Event_2026-05-26_15-11-40.jpg
34,No Event Name,26/5/2026,15:12:26,N/A,N/A,N/A,N/A,N/A,Abandoned,0.1,nextopia,0,0,0,N/A
35,No Event Name,26/5/2026,15:13:23,N/A,N/A,N/A,N/A,N/A,Video,53.9,nextopia,1,0,0,SGS_Event_2026-05-26_15-13-23.mp4
36,No Event Name,26/5/2026,15:13:59,N/A,N/A,N/A,N/A,N/A,Video,15.8,nextopia,0,0,0,SGS_Event_2026-05-26_15-13-59.mp4
37,No Event Name,26/5/2026,15:14:28,N/A,N/A,N/A,N/A,N/A,Photo,17.1,nextopia,2,1,0,SGS_Event_2026-05-26_15-14-28.jpg
38,No Event Name,26/5/2026,15:15:46,N/A,N/A,N/A,N/A,N/A,Video,60.8,nextopia,1,1,0,SGS_Event_2026-05-26_15-15-46.mp4
39,No Event Name,26/5/2026,15:16:12,N/A,N/A,N/A,N/A,N/A,Photo,13.4,nextopia,0,0,0,SGS_Event_2026-05-26_15-16-12.jpg
40,No Event Name,26/5/2026,15:16:50,N/A,N/A,N/A,N/A,N/A,Video,27.6,nextopia,1,1,0,SGS_Event_2026-05-26_15-16-50.mp4
41,No Event Name,26/5/2026,15:17:24,N/A,N/A,N/A,N/A,N/A,Video,20.6,nextopia,1,1,0,SGS_Event_2026-05-26_15-17-24.mp4
44,No Event Name,26/5/2026,15:20:01,N/A,N/A,N/A,N/A,N/A,Video,142.6,nextopia,1,1,0,SGS_Event_2026-05-26_15-20-01.mp4
45,No Event Name,26/5/2026,15:20:34,N/A,N/A,N/A,N/A,N/A,Video,18.3,nextopia,1,0,0,SGS_Event_2026-05-26_15-20-34.mp4
47,No Event Name,26/5/2026,15:21:13,N/A,N/A,N/A,N/A,N/A,Video,28.1,nextopia,1,1,0,SGS_Event_2026-05-26_15-21-13.mp4
48,No Event Name,26/5/2026,15:25:21,N/A,N/A,N/A,N/A,N/A,Photo,235.1,nextopia,1,1,0,SGS_Event_2026-05-26_15-25-21.jpg
50,No Event Name,26/5/2026,15:28:24,N/A,N/A,N/A,N/A,N/A,Photo,114.6,nextopia,1,1,0,SGS_Event_2026-05-26_15-28-24.jpg
51,No Event Name,26/5/2026,15:29:11,N/A,N/A,N/A,N/A,N/A,Abandoned,30.5,nextopia,0,0,0,N/A
52,No Event Name,26/5/2026,16:36:10,N/A,N/A,N/A,N/A,N/A,Video,24.1,nextopia,0,0,0,SGS_Event_2026-05-26_16-36-10.mp4
53,No Event Name,26/5/2026,16:36:41,N/A,N/A,N/A,N/A,N/A,Video,21.8,nextopia,0,0,0,SGS_Event_2026-05-26_16-36-41.mp4
54,No Event Name,26/5/2026,16:38:19,N/A,N/A,N/A,N/A,N/A,Photo,17.3,pride,0,0,0,SGS_Event_2026-05-26_16-38-19.jpg
55,No Event Name,26/5/2026,16:40:59,N/A,N/A,N/A,N/A,N/A,Video,19.2,pride,0,0,0,SGS_Event_2026-05-26_16-40-59.mp4
56,No Event Name,26/5/2026,16:43:55,N/A,N/A,N/A,N/A,N/A,Abandoned,30.5,pride,0,0,0,N/A
57,No Event Name,26/5/2026,16:47:54,N/A,N/A,N/A,N/A,N/A,Photo,76.8,nextopia,2,1,0,SGS_Event_2026-05-26_16-47-54.jpg
58,No Event Name,26/5/2026,16:51:07,N/A,N/A,N/A,N/A,N/A,Photo,125.8,nextopia,3,1,0,SGS_Event_2026-05-26_16-51-07.jpg
59,No Event Name,26/5/2026,16:54:48,N/A,N/A,N/A,N/A,N/A,Photo,107.5,nextopia,4,1,0,SGS_Event_2026-05-26_16-54-48.jpg
60,No Event Name,26/5/2026,16:56:15,N/A,N/A,N/A,N/A,N/A,Photo,30.1,pride,4,1,0,SGS_Event_2026-05-26_16-56-15.jpg
61,No Event Name,26/5/2026,16:58:50,N/A,N/A,N/A,N/A,N/A,Photo,103.4,pride,4,1,0,SGS_Event_2026-05-26_16-58-50.jpg
63,No Event Name,26/5/2026,17:00:19,N/A,N/A,N/A,N/A,N/A,Photo,25,pride,1,1,0,SGS_Event_2026-05-26_17-00-19.jpg
64,No Event Name,26/5/2026,17:01:13,N/A,N/A,N/A,N/A,N/A,Video,29.5,pride,0,0,0,SGS_Event_2026-05-26_17-01-13.mp4
66,No Event Name,26/5/2026,17:01:43,N/A,N/A,N/A,N/A,N/A,Video,22,pride,1,1,0,SGS_Event_2026-05-26_17-01-43.mp4
67,No Event Name,26/5/2026,17:01:58,N/A,N/A,N/A,N/A,N/A,Abandoned,0.1,pride,0,0,0,N/A
68,No Event Name,26/5/2026,17:02:22,N/A,N/A,N/A,N/A,N/A,Video,23.9,pride,0,0,0,SGS_Event_2026-05-26_17-02-22.mp4
70,No Event Name,26/5/2026,17:02:54,N/A,N/A,N/A,N/A,N/A,Video,20.1,pride,1,1,0,SGS_Event_2026-05-26_17-02-54.mp4
71,No Event Name,26/5/2026,17:03:35,N/A,N/A,N/A,N/A,N/A,Video,20.5,pride,1,1,0,SGS_Event_2026-05-26_17-03-35.mp4
72,No Event Name,26/5/2026,17:04:35,N/A,N/A,N/A,N/A,N/A,Photo,39.8,pride,1,1,0,SGS_Event_2026-05-26_17-04-35.jpg
73,No Event Name,26/5/2026,17:06:12,N/A,N/A,N/A,N/A,N/A,Video,32.7,pride,0,0,0,SGS_Event_2026-05-26_17-06-12.mp4
74,No Event Name,26/5/2026,17:15:39,N/A,N/A,N/A,N/A,N/A,Video,21.5,pride,1,1,0,SGS_Event_2026-05-26_17-15-39.mp4
75,No Event Name,26/5/2026,17:32:42,N/A,N/A,N/A,N/A,N/A,Abandoned,30.5,nextopia,0,0,0,N/A
76,No Event Name,26/5/2026,17:32:57,N/A,N/A,N/A,N/A,N/A,Photo,12.8,nextopia,1,1,0,SGS_Event_2026-05-26_17-32-57.jpg
77,No Event Name,26/5/2026,17:34:25,N/A,N/A,N/A,N/A,N/A,Photo,28.7,nextopia,1,1,1,SGS_Event_2026-05-26_17-34-25.jpg
78,No Event Name,26/5/2026,17:38:21,N/A,N/A,N/A,N/A,N/A,Video,19,nextopia,1,0,0,SGS_Event_2026-05-26_17-38-21.mp4
79,No Event Name,26/5/2026,17:40:30,N/A,N/A,N/A,N/A,N/A,Abandoned,30.5,pride,0,0,0,N/A
80,No Event Name,26/5/2026,17:40:58,N/A,N/A,N/A,N/A,N/A,Video,20.5,pride,1,0,0,SGS_Event_2026-05-26_17-40-58.mp4
81,No Event Name,26/5/2026,17:41:36,N/A,N/A,N/A,N/A,N/A,Photo,21.6,pride,0,0,0,SGS_Event_2026-05-26_17-41-36.jpg
82,No Event Name,26/5/2026,17:42:24,N/A,N/A,N/A,N/A,N/A,Photo,36.3,pride,0,0,0,SGS_Event_2026-05-26_17-42-24.jpg
83,No Event Name,26/5/2026,17:43:00,N/A,N/A,N/A,N/A,N/A,Photo,24,pride,0,0,0,SGS_Event_2026-05-26_17-43-00.jpg
84,No Event Name,26/5/2026,17:43:37,N/A,N/A,N/A,N/A,N/A,Video,16.1,nextopia,0,0,0,SGS_Event_2026-05-26_17-43-37.mp4
85,No Event Name,26/5/2026,17:44:26,N/A,N/A,N/A,N/A,N/A,Abandoned,30.5,nextopia,0,0,0,N/A
86,No Event Name,26/5/2026,18:37:04,N/A,N/A,N/A,N/A,N/A,Video,20.4,pride,2,1,0,SGS_Event_2026-05-26_18-37-04.mp4
87,No Event Name,26/5/2026,18:37:51,N/A,N/A,N/A,N/A,N/A,Photo,25.2,pride,2,1,0,SGS_Event_2026-05-26_18-37-51.jpg
88,No Event Name,26/5/2026,18:38:26,N/A,N/A,N/A,N/A,N/A,Video,22.5,pride,1,0,0,SGS_Event_2026-05-26_18-38-26.mp4
89,No Event Name,26/5/2026,18:55:44,N/A,N/A,N/A,N/A,N/A,Abandoned,30.5,nextopia,0,0,0,N/A
90,No Event Name,26/5/2026,19:31:52,N/A,N/A,N/A,N/A,N/A,Video,103.6,nextopia,1,0,0,SGS_Event_2026-05-26_19-31-52.mp4
91,No Event Name,26/5/2026,19:53:35,N/A,N/A,N/A,N/A,N/A,Abandoned,30.5,nextopia,0,0,0,N/A
92,No Event Name,26/5/2026,19:59:34,N/A,N/A,N/A,N/A,N/A,Photo,54.2,pride,2,1,0,SGS_Event_2026-05-26_19-59-34.jpg
93,No Event Name,26/5/2026,20:00:20,N/A,N/A,N/A,N/A,N/A,Abandoned,0.1,pride,0,0,0,N/A
94,No Event Name,26/5/2026,20:00:53,N/A,N/A,N/A,N/A,N/A,Video,25,pride,2,1,0,SGS_Event_2026-05-26_20-00-53.mp4
95,No Event Name,26/5/2026,20:01:42,N/A,N/A,N/A,N/A,N/A,Photo,12.7,pride,1,1,0,SGS_Event_2026-05-26_20-01-42.jpg
96,No Event Name,26/5/2026,20:12:12,N/A,N/A,N/A,N/A,N/A,Photo,13.1,nextopia,0,0,0,SGS_Event_2026-05-26_20-12-12.jpg
97,No Event Name,26/5/2026,20:35:16,N/A,N/A,N/A,N/A,N/A,Photo,15.7,nextopia,3,1,0,SGS_Event_2026-05-26_20-35-16.jpg
98,No Event Name,26/5/2026,20:35:56,N/A,N/A,N/A,N/A,N/A,Photo,12.6,nextopia,2,1,0,SGS_Event_2026-05-26_20-35-56.jpg
99,No Event Name,26/5/2026,20:36:50,N/A,N/A,N/A,N/A,N/A,Video,23.5,nextopia,1,1,0,SGS_Event_2026-05-26_20-36-50.mp4
100,No Event Name,26/5/2026,21:16:01,N/A,N/A,N/A,N/A,N/A,Photo,70.1,nextopia,3,0,0,SGS_Event_2026-05-26_21-16-01.jpg
101,No Event Name,26/5/2026,21:17:41,N/A,N/A,N/A,N/A,N/A,Abandoned,30.5,nextopia,0,0,0,N/A
103,No Event Name,26/5/2026,21:25:38,N/A,N/A,N/A,N/A,N/A,Abandoned,30.5,pride,0,0,0,N/A
104,No Event Name,26/5/2026,21:30:39,N/A,N/A,N/A,N/A,N/A,Photo,14.4,nextopia,1,1,0,SGS_Event_2026-05-26_21-30-39.jpg
105,No Event Name,26/5/2026,21:31:47,N/A,N/A,N/A,N/A,N/A,Photo,19.8,nextopia,1,1,0,SGS_Event_2026-05-26_21-31-47.jpg
106,No Event Name,26/5/2026,21:32:28,N/A,N/A,N/A,N/A,N/A,Photo,9.9,nextopia,1,1,0,SGS_Event_2026-05-26_21-32-28.jpg
107,No Event Name,26/5/2026,23:55:00,N/A,N/A,N/A,N/A,N/A,Video,32.5,pride,0,0,0,SGS_Event_2026-05-26_23-55-00.mp4
108,No Event Name,27/5/2026,0:30:21,N/A,N/A,N/A,N/A,N/A,Abandoned,30.5,pride,0,0,0,N/A
1,No Event Name,27/5/2026,1:02:48,N/A,N/A,N/A,N/A,N/A,Video,27.2,nextopia,1,0,0,SGS_Event_2026-05-27_01-02-48.mp4
2,No Event Name,27/5/2026,1:04:24,N/A,N/A,N/A,N/A,N/A,Abandoned,30.5,nextopia,0,0,0,N/A
3,No Event Name,27/5/2026,5:58:06,N/A,N/A,N/A,N/A,N/A,Abandoned,30.5,pride,0,0,0,N/A
5,No Event Name,27/5/2026,6:05:16,N/A,N/A,N/A,N/A,N/A,Abandoned,30.5,nextopia,0,0,0,N/A
6,No Event Name,27/5/2026,9:05:06,N/A,N/A,N/A,N/A,N/A,Abandoned,30.5,nextopia,0,0,0,N/A
7,No Event Name,27/5/2026,10:29:19,N/A,N/A,N/A,N/A,N/A,Photo,14.4,pride,0,0,0,SGS_Event_2026-05-27_10-29-19.jpg
8,No Event Name,27/5/2026,10:42:03,N/A,N/A,N/A,N/A,N/A,Abandoned,165.1,pride,0,0,0,N/A
1,No Event Name,27/5/2026,12:11:11,N/A,N/A,N/A,N/A,N/A,Photo,9.6,nextopia,0,0,0,SGS_Event_2026-05-27_12-11-11.jpg
2,No Event Name,27/5/2026,12:11:35,N/A,N/A,N/A,N/A,N/A,Video,17.6,nextopia,1,0,0,SGS_Event_2026-05-27_12-11-35.mp4
3,No Event Name,27/5/2026,13:13:33,N/A,N/A,N/A,N/A,N/A,Abandoned,30.5,nextopia,0,0,0,N/A
4,No Event Name,27/5/2026,13:20:09,N/A,N/A,N/A,N/A,N/A,Photo,19.3,pride,1,1,0,SGS_Event_2026-05-27_13-20-09.jpg
5,No Event Name,27/5/2026,13:40:33,N/A,N/A,N/A,N/A,N/A,Video,18.3,nextopia,0,0,0,SGS_Event_2026-05-27_13-40-33.mp4
6,No Event Name,27/5/2026,13:41:21,N/A,N/A,N/A,N/A,N/A,Photo,37.2,nextopia,1,0,0,SGS_Event_2026-05-27_13-41-21.jpg
7,No Event Name,27/5/2026,13:42:22,N/A,N/A,N/A,N/A,N/A,Abandoned,30.5,nextopia,0,0,0,N/A
8,No Event Name,27/5/2026,13:56:00,N/A,N/A,N/A,N/A,N/A,Photo,15.6,nextopia,0,0,0,SGS_Event_2026-05-27_13-56-00.jpg
9,No Event Name,27/5/2026,13:56:49,N/A,N/A,N/A,N/A,N/A,Photo,30.2,nextopia,0,0,0,SGS_Event_2026-05-27_13-56-49.jpg
10,No Event Name,27/5/2026,13:57:26,N/A,N/A,N/A,N/A,N/A,Photo,26.9,nextopia,0,0,0,SGS_Event_2026-05-27_13-57-26.jpg
11,No Event Name,27/5/2026,13:58:12,N/A,N/A,N/A,N/A,N/A,Photo,28.1,nextopia,0,0,0,SGS_Event_2026-05-27_13-58-12.jpg
12,No Event Name,27/5/2026,13:59:07,N/A,N/A,N/A,N/A,N/A,Photo,18,nextopia,0,0,0,SGS_Event_2026-05-27_13-59-07.jpg
13,No Event Name,27/5/2026,14:01:13,N/A,N/A,N/A,N/A,N/A,Photo,103.1,pride,1,1,0,SGS_Event_2026-05-27_14-01-13.jpg
14,No Event Name,27/5/2026,14:02:01,N/A,N/A,N/A,N/A,N/A,Video,32.8,pride,1,1,0,SGS_Event_2026-05-27_14-02-01.mp4
15,No Event Name,27/5/2026,14:20:18,N/A,N/A,N/A,N/A,N/A,Photo,13,nextopia,0,0,0,SGS_Event_2026-05-27_14-20-18.jpg
16,No Event Name,27/5/2026,14:56:41,N/A,N/A,N/A,N/A,N/A,Photo,11,nextopia,0,0,0,SGS_Event_2026-05-27_14-56-41.jpg
17,No Event Name,27/5/2026,14:57:17,N/A,N/A,N/A,N/A,N/A,Photo,27.1,nextopia,1,1,1,SGS_Event_2026-05-27_14-57-17.jpg
18,No Event Name,27/5/2026,14:58:43,N/A,N/A,N/A,N/A,N/A,Video,24.8,nextopia,0,0,0,SGS_Event_2026-05-27_14-58-43.mp4
19,No Event Name,27/5/2026,14:59:14,N/A,N/A,N/A,N/A,N/A,Video,21.3,nextopia,1,1,0,SGS_Event_2026-05-27_14-59-14.mp4
20,No Event Name,27/5/2026,15:00:00,N/A,N/A,N/A,N/A,N/A,Photo,14.7,nextopia,0,0,0,SGS_Event_2026-05-27_15-00-00.jpg
21,No Event Name,27/5/2026,15:00:19,N/A,N/A,N/A,N/A,N/A,Photo,14.2,nextopia,1,1,0,SGS_Event_2026-05-27_15-00-19.jpg
22,No Event Name,27/5/2026,15:00:59,N/A,N/A,N/A,N/A,N/A,Photo,26,nextopia,1,1,0,SGS_Event_2026-05-27_15-00-59.jpg
23,No Event Name,27/5/2026,15:11:14,N/A,N/A,N/A,N/A,N/A,Abandoned,30.5,pride,0,0,0,N/A
24,No Event Name,27/5/2026,15:12:03,N/A,N/A,N/A,N/A,N/A,Photo,28.3,nextopia,1,1,0,SGS_Event_2026-05-27_15-12-03.jpg
25,No Event Name,27/5/2026,15:13:08,N/A,N/A,N/A,N/A,N/A,Photo,34.1,pride,1,1,0,SGS_Event_2026-05-27_15-13-08.jpg
26,No Event Name,27/5/2026,15:14:02,N/A,N/A,N/A,N/A,N/A,Video,29.1,pride,1,1,0,SGS_Event_2026-05-27_15-14-02.mp4
27,No Event Name,27/5/2026,15:14:54,N/A,N/A,N/A,N/A,N/A,Photo,28.4,nextopia,1,1,0,SGS_Event_2026-05-27_15-14-54.jpg
28,No Event Name,27/5/2026,15:15:51,N/A,N/A,N/A,N/A,N/A,Photo,36.1,nextopia,1,1,0,SGS_Event_2026-05-27_15-15-51.jpg
29,No Event Name,27/5/2026,15:17:02,N/A,N/A,N/A,N/A,N/A,Photo,22.5,nextopia,1,1,0,SGS_Event_2026-05-27_15-17-02.jpg
30,No Event Name,27/5/2026,15:17:54,N/A,N/A,N/A,N/A,N/A,Photo,36.2,nextopia,2,1,0,SGS_Event_2026-05-27_15-17-54.jpg
31,No Event Name,27/5/2026,15:19:03,N/A,N/A,N/A,N/A,N/A,Abandoned,30.5,nextopia,0,0,0,N/A
32,No Event Name,27/5/2026,15:23:46,N/A,N/A,N/A,N/A,N/A,Photo,13.3,nextopia,1,0,0,SGS_Event_2026-05-27_15-23-46.jpg
33,No Event Name,27/5/2026,15:47:34,N/A,N/A,N/A,N/A,N/A,Photo,25.5,pride,0,0,0,SGS_Event_2026-05-27_15-47-34.jpg
34,No Event Name,27/5/2026,16:04:12,N/A,N/A,N/A,N/A,N/A,Abandoned,30.5,pride,0,0,0,N/A
35,No Event Name,27/5/2026,16:04:42,N/A,N/A,N/A,N/A,N/A,Photo,22.7,pride,3,1,0,SGS_Event_2026-05-27_16-04-42.jpg
36,No Event Name,27/5/2026,16:06:30,N/A,N/A,N/A,N/A,N/A,Abandoned,30.5,pride,0,0,0,N/A
37,No Event Name,27/5/2026,16:30:18,N/A,N/A,N/A,N/A,N/A,Photo,29,pride,2,1,0,SGS_Event_2026-05-27_16-30-18.jpg
40,No Event Name,27/5/2026,16:35:04,N/A,N/A,N/A,N/A,N/A,Photo,66.2,nextopia,0,0,0,SGS_Event_2026-05-27_16-35-04.jpg
41,No Event Name,27/5/2026,16:35:58,N/A,N/A,N/A,N/A,N/A,Abandoned,30.5,pride,0,0,0,N/A
42,No Event Name,27/5/2026,16:37:27,N/A,N/A,N/A,N/A,N/A,Photo,87.3,pride,0,0,0,SGS_Event_2026-05-27_16-37-27.jpg
43,No Event Name,27/5/2026,16:38:02,N/A,N/A,N/A,N/A,N/A,Photo,21.7,pride,1,1,0,SGS_Event_2026-05-27_16-38-02.jpg
44,No Event Name,27/5/2026,16:38:54,N/A,N/A,N/A,N/A,N/A,Photo,17.5,pride,1,1,0,SGS_Event_2026-05-27_16-38-54.jpg
45,No Event Name,27/5/2026,16:40:01,N/A,N/A,N/A,N/A,N/A,Photo,30.1,pride,1,1,0,SGS_Event_2026-05-27_16-40-01.jpg
46,No Event Name,27/5/2026,16:40:40,N/A,N/A,N/A,N/A,N/A,Photo,18.1,pride,1,1,0,SGS_Event_2026-05-27_16-40-40.jpg
47,No Event Name,27/5/2026,16:41:16,N/A,N/A,N/A,N/A,N/A,Photo,14.5,pride,4,1,0,SGS_Event_2026-05-27_16-41-16.jpg
48,No Event Name,27/5/2026,16:41:59,N/A,N/A,N/A,N/A,N/A,Photo,19.3,pride,1,1,0,SGS_Event_2026-05-27_16-41-59.jpg
49,No Event Name,27/5/2026,16:43:12,N/A,N/A,N/A,N/A,N/A,Photo,20.1,pride,1,1,0,SGS_Event_2026-05-27_16-43-12.jpg
50,No Event Name,27/5/2026,16:43:49,N/A,N/A,N/A,N/A,N/A,Video,18.9,pride,0,0,0,SGS_Event_2026-05-27_16-43-49.mp4
51,No Event Name,27/5/2026,16:44:20,N/A,N/A,N/A,N/A,N/A,Video,18.4,pride,1,0,0,SGS_Event_2026-05-27_16-44-20.mp4
52,No Event Name,27/5/2026,16:44:50,N/A,N/A,N/A,N/A,N/A,Video,17.1,pride,1,1,0,SGS_Event_2026-05-27_16-44-50.mp4
53,No Event Name,27/5/2026,16:46:23,N/A,N/A,N/A,N/A,N/A,Video,20.4,pride,1,1,0,SGS_Event_2026-05-27_16-46-23.mp4
54,No Event Name,27/5/2026,16:48:10,N/A,N/A,N/A,N/A,N/A,Photo,21.5,nextopia,1,1,0,SGS_Event_2026-05-27_16-48-10.jpg
55,No Event Name,27/5/2026,16:49:03,N/A,N/A,N/A,N/A,N/A,Video,16.6,nextopia,1,1,0,SGS_Event_2026-05-27_16-49-03.mp4
56,No Event Name,27/5/2026,16:51:08,N/A,N/A,N/A,N/A,N/A,Video,28.1,nextopia,1,1,0,SGS_Event_2026-05-27_16-51-08.mp4
57,No Event Name,27/5/2026,16:54:33,N/A,N/A,N/A,N/A,N/A,Photo,24.4,pride,1,1,0,SGS_Event_2026-05-27_16-54-33.jpg
58,No Event Name,27/5/2026,16:55:47,N/A,N/A,N/A,N/A,N/A,Video,17.8,pride,1,1,0,SGS_Event_2026-05-27_16-55-47.mp4
59,No Event Name,27/5/2026,16:59:05,N/A,N/A,N/A,N/A,N/A,Photo,11.4,nextopia,1,1,0,SGS_Event_2026-05-27_16-59-05.jpg
61,No Event Name,27/5/2026,17:00:12,N/A,N/A,N/A,N/A,N/A,Abandoned,30.5,nextopia,0,0,0,N/A
62,No Event Name,27/5/2026,17:00:44,N/A,N/A,N/A,N/A,N/A,Abandoned,30.5,nextopia,0,0,0,N/A
63,No Event Name,27/5/2026,17:12:57,N/A,N/A,N/A,N/A,N/A,Abandoned,30.5,nextopia,0,0,0,N/A
64,No Event Name,27/5/2026,17:39:33,N/A,N/A,N/A,N/A,N/A,Abandoned,30.5,nextopia,0,0,0,N/A
65,No Event Name,27/5/2026,17:41:20,N/A,N/A,N/A,N/A,N/A,Photo,34.6,nextopia,2,0,0,SGS_Event_2026-05-27_17-41-20.jpg
66,No Event Name,27/5/2026,17:42:25,N/A,N/A,N/A,N/A,N/A,Video,45.4,nextopia,0,0,0,SGS_Event_2026-05-27_17-42-25.mp4
67,No Event Name,27/5/2026,17:45:19,N/A,N/A,N/A,N/A,N/A,Photo,18,nextopia,1,1,0,SGS_Event_2026-05-27_17-45-19.jpg
68,No Event Name,27/5/2026,17:51:42,N/A,N/A,N/A,N/A,N/A,Abandoned,145.1,nextopia,0,0,0,N/A
69,No Event Name,27/5/2026,17:58:40,N/A,N/A,N/A,N/A,N/A,Photo,13.6,pride,0,0,0,SGS_Event_2026-05-27_17-58-40.jpg
70,No Event Name,27/5/2026,18:17:04,N/A,N/A,N/A,N/A,N/A,Abandoned,136.3,pride,0,0,0,N/A
71,No Event Name,27/5/2026,18:46:51,N/A,N/A,N/A,N/A,N/A,Abandoned,30.5,pride,0,0,0,N/A
72,No Event Name,27/5/2026,18:54:22,N/A,N/A,N/A,N/A,N/A,Photo,19.2,nextopia,0,0,0,SGS_Event_2026-05-27_18-54-22.jpg
73,No Event Name,27/5/2026,18:54:42,N/A,N/A,N/A,N/A,N/A,Photo,13.2,nextopia,0,0,0,SGS_Event_2026-05-27_18-54-42.jpg
74,No Event Name,27/5/2026,18:58:44,N/A,N/A,N/A,N/A,N/A,Photo,181.3,nextopia,0,0,0,SGS_Event_2026-05-27_18-58-44.jpg
75,No Event Name,27/5/2026,18:59:37,N/A,N/A,N/A,N/A,N/A,Abandoned,30.5,nextopia,0,0,0,N/A
76,No Event Name,27/5/2026,19:19:08,N/A,N/A,N/A,N/A,N/A,Abandoned,30.5,pride,0,0,0,N/A
77,No Event Name,27/5/2026,19:44:22,N/A,N/A,N/A,N/A,N/A,Abandoned,177.1,nextopia,0,0,0,N/A
78,No Event Name,27/5/2026,20:33:26,N/A,N/A,N/A,N/A,N/A,Photo,31.2,nextopia,0,0,0,SGS_Event_2026-05-27_20-33-26.jpg
79,No Event Name,27/5/2026,20:33:48,N/A,N/A,N/A,N/A,N/A,Photo,15.1,nextopia,0,0,0,SGS_Event_2026-05-27_20-33-48.jpg
80,No Event Name,27/5/2026,20:54:14,N/A,N/A,N/A,N/A,N/A,Photo,33.6,pride,0,0,0,SGS_Event_2026-05-27_20-54-14.jpg
81,No Event Name,27/5/2026,20:56:42,N/A,N/A,N/A,N/A,N/A,Photo,85.1,pride,0,0,0,SGS_Event_2026-05-27_20-56-42.jpg
82,No Event Name,27/5/2026,21:06:45,N/A,N/A,N/A,N/A,N/A,Photo,36.4,pride,0,0,0,SGS_Event_2026-05-27_21-06-45.jpg
83,No Event Name,28/5/2026,2:52:52,N/A,N/A,N/A,N/A,N/A,Abandoned,30.5,pride,0,0,0,N/A
1,Nextopia,28/5/2026,3:04:02,N/A,N/A,N/A,N/A,N/A,Photo,13.4,nextopia,0,0,0,Nextopia_Event_2026-05-28_03-04-02.jpg
2,Nextopia,28/5/2026,3:04:17,N/A,N/A,N/A,N/A,N/A,Photo,9,nextopia,0,0,0,Nextopia_Event_2026-05-28_03-04-17.jpg
3,Nextopia,28/5/2026,3:22:04,N/A,N/A,N/A,N/A,N/A,Abandoned,123,nextopia,0,0,0,N/A
4,Nextopia,28/5/2026,4:41:26,N/A,N/A,N/A,N/A,N/A,Photo,15.8,pride,0,0,0,Nextopia_Event_2026-05-28_04-41-26.jpg
5,Nextopia,28/5/2026,7:18:52,N/A,N/A,N/A,N/A,N/A,Photo,20.6,pride,1,1,0,Nextopia_Event_2026-05-28_07-18-52.jpg
6,Nextopia,28/5/2026,9:53:57,N/A,N/A,N/A,N/A,N/A,Video,41.2,pride,1,1,0,Nextopia_Event_2026-05-28_09-53-57.mp4
7,Nextopia,28/5/2026,10:15:15,N/A,N/A,N/A,N/A,N/A,Video,40.1,nextopia,0,0,0,Nextopia_Event_2026-05-28_10-15-15.mp4
8,Nextopia,28/5/2026,11:06:14,N/A,N/A,N/A,N/A,N/A,Video,19.1,nextopia,1,1,0,Nextopia_Event_2026-05-28_11-06-14.mp4
9,Nextopia,28/5/2026,11:07:59,N/A,N/A,N/A,N/A,N/A,Photo,39.6,nextopia,1,1,0,Nextopia_Event_2026-05-28_11-07-59.jpg
10,Nextopia,28/5/2026,11:09:03,N/A,N/A,N/A,N/A,N/A,Photo,22.3,nextopia,1,1,0,Nextopia_Event_2026-05-28_11-09-03.jpg
11,Nextopia,28/5/2026,11:09:59,N/A,N/A,N/A,N/A,N/A,Video,20.6,nextopia,1,1,0,Nextopia_Event_2026-05-28_11-09-59.mp4
12,Nextopia,28/5/2026,11:10:56,N/A,N/A,N/A,N/A,N/A,Photo,15,nextopia,1,1,0,Nextopia_Event_2026-05-28_11-10-56.jpg
13,Nextopia,28/5/2026,11:12:07,N/A,N/A,N/A,N/A,N/A,Video,19.7,nextopia,1,1,0,Nextopia_Event_2026-05-28_11-12-07.mp4
14,Nextopia,28/5/2026,11:20:09,N/A,N/A,N/A,N/A,N/A,Photo,15.9,pride,1,1,0,Nextopia_Event_2026-05-28_11-20-09.jpg
15,Nextopia,28/5/2026,11:22:10,N/A,N/A,N/A,N/A,N/A,Abandoned,30.5,pride,0,0,0,N/A
16,Nextopia,28/5/2026,11:28:43,N/A,N/A,N/A,N/A,N/A,Abandoned,247.1,pride,0,0,0,N/A
17,Nextopia,28/5/2026,11:30:13,N/A,N/A,N/A,N/A,N/A,Photo,27.1,nextopia,0,0,0,Nextopia_Event_2026-05-28_11-30-13.jpg
18,Nextopia,28/5/2026,11:50:17,N/A,N/A,N/A,N/A,N/A,Abandoned,30.5,nextopia,0,0,0,N/A
21,Nextopia,28/5/2026,12:02:55,N/A,N/A,N/A,N/A,N/A,Abandoned,151.4,nextopia,0,0,0,N/A
22,Nextopia,28/5/2026,12:24:35,N/A,N/A,N/A,N/A,N/A,Photo,17.7,nextopia,0,0,0,Nextopia_Event_2026-05-28_12-24-35.jpg
1,Nextopia,28/5/2026,13:57:52,N/A,N/A,N/A,N/A,N/A,Abandoned,31.5,None,0,0,0,N/A
2,Nextopia,28/5/2026,13:58:20,N/A,N/A,N/A,N/A,N/A,Photo,25.7,None,0,0,0,Nextopia_Event_2026-05-28_13-58-20.jpg
3,Nextopia,28/5/2026,13:59:22,N/A,N/A,N/A,N/A,N/A,Video,55,None,0,0,0,Nextopia_Event_2026-05-28_13-59-22.mp4
4,Nextopia,28/5/2026,14:03:22,N/A,N/A,N/A,N/A,N/A,Abandoned,30.5,None,0,0,0,N/A
5,Nextopia,28/5/2026,14:13:37,N/A,N/A,N/A,N/A,N/A,Abandoned,30.5,None,0,0,0,N/A
6,Nextopia,28/5/2026,14:21:16,N/A,N/A,N/A,N/A,N/A,Abandoned,30.5,None,0,0,0,N/A
7,Nextopia,28/5/2026,14:59:55,N/A,N/A,N/A,N/A,N/A,Photo,18.1,pride,1,1,0,Nextopia_Event_2026-05-28_14-59-55.jpg
8,Nextopia,28/5/2026,15:01:30,N/A,N/A,N/A,N/A,N/A,Photo,48.8,nextopia,2,1,0,Nextopia_Event_2026-05-28_15-01-30.jpg
9,Nextopia,28/5/2026,15:04:43,N/A,N/A,N/A,N/A,N/A,Abandoned,139.9,nextopia,0,0,0,N/A
10,Nextopia,28/5/2026,15:36:37,N/A,N/A,N/A,N/A,N/A,Abandoned,30.5,nextopia,0,0,0,N/A
11,Nextopia,28/5/2026,15:36:54,N/A,N/A,N/A,N/A,N/A,Photo,11.1,nextopia,1,1,0,Nextopia_Event_2026-05-28_15-36-54.jpg
14,Nextopia,28/5/2026,15:38:33,N/A,N/A,N/A,N/A,N/A,Photo,38.4,nextopia,1,1,0,Nextopia_Event_2026-05-28_15-38-33.jpg
15,Nextopia,28/5/2026,15:46:51,N/A,N/A,N/A,N/A,N/A,Abandoned,30.5,pride,0,0,0,N/A
16,Nextopia,28/5/2026,15:49:52,N/A,N/A,N/A,N/A,N/A,Abandoned,151.4,pride,0,0,0,N/A
17,Nextopia,28/5/2026,15:50:41,N/A,N/A,N/A,N/A,N/A,Photo,10.5,nextopia,0,0,0,Nextopia_Event_2026-05-28_15-50-41.jpg
18,Nextopia,28/5/2026,15:51:37,N/A,N/A,N/A,N/A,N/A,Abandoned,30.5,nextopia,0,0,0,N/A
19,Nextopia,28/5/2026,15:53:28,N/A,N/A,N/A,N/A,N/A,Photo,13.3,nextopia,1,0,0,Nextopia_Event_2026-05-28_15-53-28.jpg
20,Nextopia,28/5/2026,15:58:20,N/A,N/A,N/A,N/A,N/A,Abandoned,30.5,nextopia,0,0,0,N/A
21,Nextopia,28/5/2026,15:59:09,N/A,N/A,N/A,N/A,N/A,Video,45.7,nextopia,1,1,0,Nextopia_Event_2026-05-28_15-59-09.mp4
22,Nextopia,28/5/2026,16:00:43,N/A,N/A,N/A,N/A,N/A,Abandoned,30.5,pride,0,0,0,N/A
24,Nextopia,28/5/2026,16:01:24,N/A,N/A,N/A,N/A,N/A,Photo,38.8,pride,8,1,0,Nextopia_Event_2026-05-28_16-01-24.jpg
25,Nextopia,28/5/2026,16:03:19,N/A,N/A,N/A,N/A,N/A,Video,48.6,pride,1,1,1,Nextopia_Event_2026-05-28_16-03-19.mp4
26,Nextopia,28/5/2026,16:05:46,N/A,N/A,N/A,N/A,N/A,Video,42.3,nextopia,1,1,0,Nextopia_Event_2026-05-28_16-05-46.mp4
27,Nextopia,28/5/2026,16:09:37,N/A,N/A,N/A,N/A,N/A,Abandoned,30.5,pride,0,0,0,N/A
28,Nextopia,28/5/2026,16:09:57,N/A,N/A,N/A,N/A,N/A,Photo,17.1,pride,1,0,0,Nextopia_Event_2026-05-28_16-09-57.jpg
29,Nextopia,28/5/2026,16:10:53,N/A,N/A,N/A,N/A,N/A,Photo,25.4,pride,1,1,0,Nextopia_Event_2026-05-28_16-10-53.jpg
30,Nextopia,28/5/2026,16:13:10,N/A,N/A,N/A,N/A,N/A,Photo,28.9,nextopia,1,0,0,Nextopia_Event_2026-05-28_16-13-10.jpg
31,Nextopia,28/5/2026,16:13:40,N/A,N/A,N/A,N/A,N/A,Video,18.3,nextopia,2,1,1,Nextopia_Event_2026-05-28_16-13-40.mp4
32,Nextopia,28/5/2026,16:17:35,N/A,N/A,N/A,N/A,N/A,Abandoned,157.8,pride,0,0,0,N/A
33,Nextopia,28/5/2026,16:31:53,N/A,N/A,N/A,N/A,N/A,Abandoned,30.5,pride,0,0,0,N/A
34,Nextopia,28/5/2026,16:32:51,N/A,N/A,N/A,N/A,N/A,Photo,43.1,nextopia,1,1,0,Nextopia_Event_2026-05-28_16-32-51.jpg
35,Nextopia,28/5/2026,16:34:59,N/A,N/A,N/A,N/A,N/A,Photo,71.8,pride,1,1,0,Nextopia_Event_2026-05-28_16-34-59.jpg
36,Nextopia,28/5/2026,16:38:14,N/A,N/A,N/A,N/A,N/A,Video,50.6,pride,0,0,0,Nextopia_Event_2026-05-28_16-38-14.mp4
37,Nextopia,28/5/2026,16:40:36,N/A,N/A,N/A,N/A,N/A,Abandoned,30.5,pride,0,0,0,N/A
38,Nextopia,28/5/2026,16:47:58,N/A,N/A,N/A,N/A,N/A,Photo,20.8,nextopia,0,0,0,Nextopia_Event_2026-05-28_16-47-58.jpg
39,Nextopia,28/5/2026,16:48:34,N/A,N/A,N/A,N/A,N/A,Photo,24.7,nextopia,0,0,0,Nextopia_Event_2026-05-28_16-48-34.jpg
40,Nextopia,28/5/2026,16:49:12,N/A,N/A,N/A,N/A,N/A,Photo,29.7,nextopia,2,1,0,Nextopia_Event_2026-05-28_16-49-12.jpg
41,Nextopia,28/5/2026,17:22:04,N/A,N/A,N/A,N/A,N/A,Video,21.3,pride,0,0,0,Nextopia_Event_2026-05-28_17-22-04.mp4
42,Nextopia,28/5/2026,17:22:53,N/A,N/A,N/A,N/A,N/A,Photo,14,nextopia,0,0,0,Nextopia_Event_2026-05-28_17-22-53.jpg
43,Nextopia,28/5/2026,17:23:21,N/A,N/A,N/A,N/A,N/A,Photo,18.6,nextopia,1,1,0,Nextopia_Event_2026-05-28_17-23-21.jpg
44,Nextopia,28/5/2026,17:23:58,N/A,N/A,N/A,N/A,N/A,Photo,11.5,nextopia,1,1,0,Nextopia_Event_2026-05-28_17-23-58.jpg
45,Nextopia,28/5/2026,17:53:13,N/A,N/A,N/A,N/A,N/A,Video,21.6,pride,3,1,0,Nextopia_Event_2026-05-28_17-53-13.mp4
46,Nextopia,28/5/2026,17:59:26,N/A,N/A,N/A,N/A,N/A,Photo,62.2,pride,1,1,0,Nextopia_Event_2026-05-28_17-59-26.jpg
47,Nextopia,28/5/2026,18:01:35,N/A,N/A,N/A,N/A,N/A,Photo,89,pride,1,1,0,Nextopia_Event_2026-05-28_18-01-35.jpg
48,Nextopia,28/5/2026,18:02:23,N/A,N/A,N/A,N/A,N/A,Abandoned,30.5,pride,0,0,0,N/A
49,Nextopia,28/5/2026,18:05:13,N/A,N/A,N/A,N/A,N/A,Photo,16.7,pride,1,1,0,Nextopia_Event_2026-05-28_18-05-13.jpg
50,Nextopia,28/5/2026,18:05:43,N/A,N/A,N/A,N/A,N/A,Video,16.4,pride,1,1,0,Nextopia_Event_2026-05-28_18-05-43.mp4
51,Nextopia,28/5/2026,18:08:39,N/A,N/A,N/A,N/A,N/A,Abandoned,30.5,pride,0,0,0,N/A
52,Nextopia,28/5/2026,18:45:36,N/A,N/A,N/A,N/A,N/A,Abandoned,170.1,pride,0,0,0,N/A
53,Nextopia,28/5/2026,19:06:05,N/A,N/A,N/A,N/A,N/A,Video,22.1,pride,1,1,0,Nextopia_Event_2026-05-28_19-06-05.mp4
54,Nextopia,28/5/2026,19:07:39,N/A,N/A,N/A,N/A,N/A,Photo,24,pride,1,1,0,Nextopia_Event_2026-05-28_19-07-39.jpg
55,Nextopia,28/5/2026,19:11:52,N/A,N/A,N/A,N/A,N/A,Abandoned,30.5,nextopia,0,0,0,N/A
56,Nextopia,28/5/2026,19:12:27,N/A,N/A,N/A,N/A,N/A,Photo,28.5,nextopia,0,0,0,Nextopia_Event_2026-05-28_19-12-27.jpg
57,Nextopia,28/5/2026,19:12:48,N/A,N/A,N/A,N/A,N/A,Photo,14.4,nextopia,2,0,0,Nextopia_Event_2026-05-28_19-12-48.jpg
58,Nextopia,28/5/2026,19:13:32,N/A,N/A,N/A,N/A,N/A,Video,17.2,nextopia,1,1,0,Nextopia_Event_2026-05-28_19-13-32.mp4
59,Nextopia,28/5/2026,19:14:07,N/A,N/A,N/A,N/A,N/A,Photo,12.2,nextopia,0,0,0,Nextopia_Event_2026-05-28_19-14-07.jpg
60,Nextopia,28/5/2026,19:14:35,N/A,N/A,N/A,N/A,N/A,Photo,24,nextopia,2,0,0,Nextopia_Event_2026-05-28_19-14-35.jpg
61,Nextopia,28/5/2026,19:49:26,N/A,N/A,N/A,N/A,N/A,Video,27.9,pride,1,1,0,Nextopia_Event_2026-05-28_19-49-26.mp4
62,Nextopia,28/5/2026,20:23:21,N/A,N/A,N/A,N/A,N/A,Photo,48.5,pride,1,1,0,Nextopia_Event_2026-05-28_20-23-21.jpg
63,Nextopia,28/5/2026,20:56:52,N/A,N/A,N/A,N/A,N/A,Photo,18.5,pride,0,0,0,Nextopia_Event_2026-05-28_20-56-52.jpg
64,Nextopia,28/5/2026,21:05:49,N/A,N/A,N/A,N/A,N/A,Video,38.6,nextopia,4,1,1,Nextopia_Event_2026-05-28_21-05-49.mp4
65,Nextopia,28/5/2026,21:53:59,N/A,N/A,N/A,N/A,N/A,Abandoned,165.3,nextopia,0,0,0,N/A
66,Nextopia,28/5/2026,21:57:25,N/A,N/A,N/A,N/A,N/A,Photo,14.8,pride,0,0,0,Nextopia_Event_2026-05-28_21-57-25.jpg
67,Nextopia,28/5/2026,21:58:37,N/A,N/A,N/A,N/A,N/A,Photo,63.5,pride,0,0,0,Nextopia_Event_2026-05-28_21-58-37.jpg
68,Nextopia,28/5/2026,21:58:43,N/A,N/A,N/A,N/A,N/A,Abandoned,0.1,pride,0,0,0,N/A
69,Nextopia,28/5/2026,22:02:08,N/A,N/A,N/A,N/A,N/A,Photo,11.4,pride,0,0,0,Nextopia_Event_2026-05-28_22-02-08.jpg
70,Nextopia,28/5/2026,22:02:43,N/A,N/A,N/A,N/A,N/A,Abandoned,30.5,pride,0,0,0,N/A
71,Nextopia,28/5/2026,23:03:08,N/A,N/A,N/A,N/A,N/A,Abandoned,30.5,nextopia,0,0,0,N/A
72,Nextopia,29/5/2026,0:28:56,N/A,N/A,N/A,N/A,N/A,Photo,33.8,nextopia,1,1,0,Nextopia_Event_2026-05-29_00-28-56.jpg
73,Nextopia,29/5/2026,1:31:50,N/A,N/A,N/A,N/A,N/A,Abandoned,30.5,nextopia,0,0,0,N/A
74,Nextopia,29/5/2026,1:51:43,N/A,N/A,N/A,N/A,N/A,Abandoned,154,nextopia,0,0,0,N/A
75,Nextopia,29/5/2026,8:08:34,N/A,N/A,N/A,N/A,N/A,Abandoned,30.5,pride,0,0,0,N/A
76,Nextopia,29/5/2026,10:31:33,N/A,N/A,N/A,N/A,N/A,Photo,31.4,pride,0,0,0,Nextopia_Event_2026-05-29_10-31-33.jpg
77,Nextopia,29/5/2026,11:13:28,N/A,N/A,N/A,N/A,N/A,Photo,67.4,pride,0,0,0,Nextopia_Event_2026-05-29_11-13-28.jpg
78,Nextopia,29/5/2026,11:59:48,N/A,N/A,N/A,N/A,N/A,Abandoned,30.5,nextopia,0,0,0,N/A
79,Nextopia,29/5/2026,12:06:12,N/A,N/A,N/A,N/A,N/A,Photo,57.9,pride,0,0,0,Nextopia_Event_2026-05-29_12-06-12.jpg
80,Nextopia,29/5/2026,12:06:54,N/A,N/A,N/A,N/A,N/A,Video,18,pride,0,0,0,Nextopia_Event_2026-05-29_12-06-54.mp4
81,Nextopia,29/5/2026,12:20:12,N/A,N/A,N/A,N/A,N/A,Abandoned,30.5,pride,0,0,0,N/A
82,Nextopia,29/5/2026,12:24:20,N/A,N/A,N/A,N/A,N/A,Photo,24.1,pride,0,0,0,Nextopia_Event_2026-05-29_12-24-20.jpg
83,Nextopia,29/5/2026,13:00:58,N/A,N/A,N/A,N/A,N/A,Abandoned,30.5,nextopia,0,0,0,N/A
84,Nextopia,29/5/2026,13:01:11,N/A,N/A,N/A,N/A,N/A,Photo,10.5,nextopia,0,0,0,Nextopia_Event_2026-05-29_13-01-11.jpg
85,Nextopia,29/5/2026,13:23:43,N/A,N/A,N/A,N/A,N/A,Abandoned,215.4,pride,0,0,0,N/A
86,Nextopia,29/5/2026,13:27:47,N/A,N/A,N/A,N/A,N/A,Photo,39.6,pride,0,0,0,Nextopia_Event_2026-05-29_13-27-47.jpg
87,Nextopia,29/5/2026,13:28:23,N/A,N/A,N/A,N/A,N/A,Photo,17.6,pride,0,0,0,Nextopia_Event_2026-05-29_13-28-23.jpg
88,Nextopia,29/5/2026,13:29:57,N/A,N/A,N/A,N/A,N/A,Photo,45.5,pride,0,0,0,Nextopia_Event_2026-05-29_13-29-57.jpg
89,Nextopia,29/5/2026,14:02:47,N/A,N/A,N/A,N/A,N/A,Photo,31.5,pride,0,0,0,Nextopia_Event_2026-05-29_14-02-47.jpg
90,Nextopia,29/5/2026,14:04:37,N/A,N/A,N/A,N/A,N/A,Abandoned,30.5,nextopia,0,0,0,N/A
91,Nextopia,29/5/2026,14:05:10,N/A,N/A,N/A,N/A,N/A,Video,21.5,nextopia,0,0,0,Nextopia_Event_2026-05-29_14-05-10.mp4
92,Nextopia,29/5/2026,14:47:53,N/A,N/A,N/A,N/A,N/A,Photo,120.1,nextopia,0,0,0,Nextopia_Event_2026-05-29_14-47-53.jpg
93,Nextopia,29/5/2026,14:50:04,N/A,N/A,N/A,N/A,N/A,Video,77.9,nextopia,0,0,0,Nextopia_Event_2026-05-29_14-50-04.mp4
94,Nextopia,29/5/2026,14:53:09,N/A,N/A,N/A,N/A,N/A,Abandoned,30.5,nextopia,0,0,0,N/A
95,Nextopia,29/5/2026,15:09:45,N/A,N/A,N/A,N/A,N/A,Abandoned,30.5,nextopia,0,0,0,N/A
96,Nextopia,29/5/2026,15:23:02,N/A,N/A,N/A,N/A,N/A,Abandoned,30.5,pride,0,0,0,N/A
97,Nextopia,29/5/2026,15:48:12,N/A,N/A,N/A,N/A,N/A,Abandoned,123.6,nextopia,0,0,0,N/A
98,Nextopia,29/5/2026,15:56:18,N/A,N/A,N/A,N/A,N/A,Photo,37.9,pride,0,0,0,Nextopia_Event_2026-05-29_15-56-18.jpg
99,Nextopia,29/5/2026,16:06:23,N/A,N/A,N/A,N/A,N/A,Abandoned,128,pride,0,0,0,N/A
100,Nextopia,29/5/2026,16:31:01,N/A,N/A,N/A,N/A,N/A,Abandoned,30.5,pride,0,0,0,N/A
101,Nextopia,29/5/2026,16:31:29,N/A,N/A,N/A,N/A,N/A,Photo,24,pride,0,0,0,Nextopia_Event_2026-05-29_16-31-29.jpg
102,Nextopia,29/5/2026,17:06:06,N/A,N/A,N/A,N/A,N/A,Abandoned,30.5,nextopia,0,0,0,N/A
103,Nextopia,29/5/2026,17:32:45,N/A,N/A,N/A,N/A,N/A,Abandoned,30.5,nextopia,0,0,0,N/A
106,Nextopia,29/5/2026,17:45:28,N/A,N/A,N/A,N/A,N/A,Abandoned,30.5,pride,0,0,0,N/A
107,Nextopia,29/5/2026,17:45:47,N/A,N/A,N/A,N/A,N/A,Photo,15.6,pride,0,0,0,Nextopia_Event_2026-05-29_17-45-47.jpg
108,Nextopia,29/5/2026,17:50:08,N/A,N/A,N/A,N/A,N/A,Photo,39.1,nextopia,0,0,0,Nextopia_Event_2026-05-29_17-50-08.jpg
109,Nextopia,29/5/2026,17:51:53,N/A,N/A,N/A,N/A,N/A,Video,17.5,pride,0,0,0,Nextopia_Event_2026-05-29_17-51-53.mp4
110,Nextopia,29/5/2026,18:00:55,N/A,N/A,N/A,N/A,N/A,Photo,12.6,nextopia,0,0,0,Nextopia_Event_2026-05-29_18-00-55.jpg
111,Nextopia,29/5/2026,18:01:43,N/A,N/A,N/A,N/A,N/A,Video,18.4,pride,0,0,0,Nextopia_Event_2026-05-29_18-01-43.mp4
112,Nextopia,29/5/2026,19:08:54,N/A,N/A,N/A,N/A,N/A,Video,32.9,nextopia,0,0,0,Nextopia_Event_2026-05-29_19-08-54.mp4
113,Nextopia,29/5/2026,19:12:35,N/A,N/A,N/A,N/A,N/A,Abandoned,172.8,nextopia,0,0,0,N/A
114,Nextopia,29/5/2026,20:39:58,N/A,N/A,N/A,N/A,N/A,Abandoned,30.5,nextopia,0,0,0,N/A
115,Nextopia,29/5/2026,20:48:57,N/A,N/A,N/A,N/A,N/A,Photo,14.3,pride,0,0,0,Nextopia_Event_2026-05-29_20-48-57.jpg
116,Nextopia,29/5/2026,21:14:52,N/A,N/A,N/A,N/A,N/A,Abandoned,30.5,pride,0,0,0,N/A
117,Nextopia,29/5/2026,21:18:21,N/A,N/A,N/A,N/A,N/A,Abandoned,202.6,pride,0,0,0,N/A
118,Nextopia,29/5/2026,21:37:10,N/A,N/A,N/A,N/A,N/A,Video,55,nextopia,0,0,0,Nextopia_Event_2026-05-29_21-37-10.mp4
119,Nextopia,29/5/2026,21:46:41,N/A,N/A,N/A,N/A,N/A,Video,104.9,pride,0,0,0,Nextopia_Event_2026-05-29_21-46-41.mp4
120,Nextopia,29/5/2026,21:48:23,N/A,N/A,N/A,N/A,N/A,Photo,15.9,nextopia,0,0,0,Nextopia_Event_2026-05-29_21-48-23.jpg
121,Nextopia,29/5/2026,22:22:18,N/A,N/A,N/A,N/A,N/A,Photo,39.9,nextopia,0,0,0,Nextopia_Event_2026-05-29_22-22-18.jpg
122,Nextopia,29/5/2026,22:39:46,N/A,N/A,N/A,N/A,N/A,Photo,38.8,nextopia,0,0,0,Nextopia_Event_2026-05-29_22-39-46.jpg
123,Nextopia,29/5/2026,22:40:42,N/A,N/A,N/A,N/A,N/A,Abandoned,30.5,pride,0,0,0,N/A
125,Nextopia,29/5/2026,22:40:59,N/A,N/A,N/A,N/A,N/A,Photo,14.8,pride,0,0,0,Nextopia_Event_2026-05-29_22-40-59.jpg
126,Nextopia,29/5/2026,23:13:57,N/A,N/A,N/A,N/A,N/A,Abandoned,30.5,nextopia,0,0,0,N/A
127,Nextopia,29/5/2026,23:50:03,N/A,N/A,N/A,N/A,N/A,Photo,16.9,pride,0,0,0,Nextopia_Event_2026-05-29_23-50-03.jpg
128,Nextopia,30/5/2026,0:12:17,N/A,N/A,N/A,N/A,N/A,Abandoned,30.5,nextopia,0,0,0,N/A
1,Nextopia,30/5/2026,0:33:39,N/A,N/A,N/A,N/A,N/A,Photo,14.6,pride,1,0,0,Nextopia_Event_2026-05-30_00-33-39.jpg
2,Nextopia,30/5/2026,1:33:17,N/A,N/A,N/A,N/A,N/A,Abandoned,30.5,pride,0,0,0,N/A
3,Nextopia,30/5/2026,2:13:31,N/A,N/A,N/A,N/A,N/A,Photo,10.3,pride,0,0,0,Nextopia_Event_2026-05-30_02-13-31.jpg
4,Nextopia,30/5/2026,2:37:23,N/A,N/A,N/A,N/A,N/A,Photo,11.7,nextopia,0,0,0,Nextopia_Event_2026-05-30_02-37-23.jpg
5,Nextopia,30/5/2026,2:45:41,N/A,N/A,N/A,N/A,N/A,Video,17.8,pride,0,0,0,Nextopia_Event_2026-05-30_02-45-41.mp4
6,Nextopia,30/5/2026,2:51:04,N/A,N/A,N/A,N/A,N/A,Video,16.4,pride,0,0,0,Nextopia_Event_2026-05-30_02-51-04.mp4
7,Nextopia,30/5/2026,12:18:46,N/A,N/A,N/A,N/A,N/A,Photo,11.1,nextopia,1,1,1,Nextopia_Event_2026-05-30_12-18-46.jpg
2,Nextopia,30/5/2026,13:41:17,N/A,N/A,N/A,N/A,N/A,Abandoned,160.7,None,0,0,0,N/A
3,Nextopia,30/5/2026,14:19:51,N/A,N/A,N/A,N/A,N/A,Photo,16.4,None,0,0,0,Nextopia_Event_2026-05-30_14-19-51.jpg
4,Nextopia,30/5/2026,14:25:12,N/A,N/A,N/A,N/A,N/A,Photo,17.2,None,0,0,0,Nextopia_Event_2026-05-30_14-25-12.jpg
1,Nextopia,30/5/2026,14:44:10,N/A,N/A,N/A,N/A,N/A,Photo,10.8,pride,1,1,1,Nextopia_Event_2026-05-30_14-44-10.jpg
2,Nextopia,30/5/2026,14:48:09,N/A,N/A,N/A,N/A,N/A,Photo,51.5,nextopia,0,0,0,Nextopia_Event_2026-05-30_14-48-09.jpg
3,Nextopia,30/5/2026,14:48:56,N/A,N/A,N/A,N/A,N/A,Abandoned,30.5,nextopia,0,0,0,N/A
4,Nextopia,30/5/2026,14:49:14,N/A,N/A,N/A,N/A,N/A,Video,15.7,nextopia,1,0,0,Nextopia_Event_2026-05-30_14-49-14.mp4
5,Nextopia,30/5/2026,14:49:53,N/A,N/A,N/A,N/A,N/A,Photo,14.2,pride,1,1,0,Nextopia_Event_2026-05-30_14-49-53.jpg
6,Nextopia,30/5/2026,15:04:10,N/A,N/A,N/A,N/A,N/A,Photo,16.1,nextopia,1,1,0,Nextopia_Event_2026-05-30_15-04-10.jpg
7,Nextopia,30/5/2026,15:08:39,N/A,N/A,N/A,N/A,N/A,Photo,12.6,pride,1,0,0,Nextopia_Event_2026-05-30_15-08-39.jpg
8,Nextopia,30/5/2026,15:22:04,N/A,N/A,N/A,N/A,N/A,Abandoned,126.1,nextopia,0,0,0,N/A
9,Nextopia,30/5/2026,15:30:53,N/A,N/A,N/A,N/A,N/A,Abandoned,30.5,pride,0,0,0,N/A
10,Nextopia,30/5/2026,15:31:51,N/A,N/A,N/A,N/A,N/A,Video,40.1,nextopia,2,1,0,Nextopia_Event_2026-05-30_15-31-51.mp4
11,Nextopia,30/5/2026,15:33:08,N/A,N/A,N/A,N/A,N/A,Photo,50.6,nextopia,2,1,0,Nextopia_Event_2026-05-30_15-33-08.jpg
12,Nextopia,30/5/2026,15:41:07,N/A,N/A,N/A,N/A,N/A,Abandoned,30.5,pride,0,0,0,N/A
13,Nextopia,30/5/2026,15:41:41,N/A,N/A,N/A,N/A,N/A,Abandoned,30.5,pride,0,0,0,N/A
14,Nextopia,30/5/2026,15:49:59,N/A,N/A,N/A,N/A,N/A,Photo,79,pride,1,1,0,Nextopia_Event_2026-05-30_15-49-59.jpg
15,Nextopia,30/5/2026,15:55:32,N/A,N/A,N/A,N/A,N/A,Photo,75.7,nextopia,1,1,0,Nextopia_Event_2026-05-30_15-55-32.jpg
17,Nextopia,30/5/2026,16:01:58,N/A,N/A,N/A,N/A,N/A,Photo,96.3,nextopia,1,1,0,Nextopia_Event_2026-05-30_16-01-58.jpg
18,Nextopia,30/5/2026,16:02:45,N/A,N/A,N/A,N/A,N/A,Video,22.5,nextopia,2,1,0,Nextopia_Event_2026-05-30_16-02-45.mp4
20,Nextopia,30/5/2026,16:04:14,N/A,N/A,N/A,N/A,N/A,Abandoned,30.5,nextopia,0,0,0,N/A
21,Nextopia,30/5/2026,16:05:02,N/A,N/A,N/A,N/A,N/A,Abandoned,30.5,pride,0,0,0,N/A
22,Nextopia,30/5/2026,16:08:22,N/A,N/A,N/A,N/A,N/A,Abandoned,30.5,pride,0,0,0,N/A
23,Nextopia,30/5/2026,16:08:52,N/A,N/A,N/A,N/A,N/A,Video,20.8,pride,1,0,0,Nextopia_Event_2026-05-30_16-08-52.mp4
24,Nextopia,30/5/2026,16:09:50,N/A,N/A,N/A,N/A,N/A,Photo,33.1,nextopia,1,1,0,Nextopia_Event_2026-05-30_16-09-50.jpg
25,Nextopia,30/5/2026,16:10:43,N/A,N/A,N/A,N/A,N/A,Photo,15.5,pride,1,1,0,Nextopia_Event_2026-05-30_16-10-43.jpg
26,Nextopia,30/5/2026,16:11:38,N/A,N/A,N/A,N/A,N/A,Video,43.9,pride,1,1,0,Nextopia_Event_2026-05-30_16-11-38.mp4
27,Nextopia,30/5/2026,16:12:14,N/A,N/A,N/A,N/A,N/A,Photo,12.4,pride,1,0,0,Nextopia_Event_2026-05-30_16-12-14.jpg
28,Nextopia,30/5/2026,16:12:46,N/A,N/A,N/A,N/A,N/A,Video,19.5,pride,1,0,0,Nextopia_Event_2026-05-30_16-12-46.mp4
29,Nextopia,30/5/2026,16:13:21,N/A,N/A,N/A,N/A,N/A,Photo,16,nextopia,0,0,0,Nextopia_Event_2026-05-30_16-13-21.jpg
30,Nextopia,30/5/2026,16:13:56,N/A,N/A,N/A,N/A,N/A,Photo,27.9,nextopia,0,0,0,Nextopia_Event_2026-05-30_16-13-56.jpg
31,Nextopia,30/5/2026,16:14:34,N/A,N/A,N/A,N/A,N/A,Photo,16.3,nextopia,0,0,0,Nextopia_Event_2026-05-30_16-14-34.jpg
32,Nextopia,30/5/2026,16:21:42,N/A,N/A,N/A,N/A,N/A,Photo,14.2,pride,1,0,0,Nextopia_Event_2026-05-30_16-21-42.jpg
33,Nextopia,30/5/2026,16:22:15,N/A,N/A,N/A,N/A,N/A,Video,20.9,pride,1,0,0,Nextopia_Event_2026-05-30_16-22-15.mp4
34,Nextopia,30/5/2026,16:26:59,N/A,N/A,N/A,N/A,N/A,Photo,28.3,pride,2,1,0,Nextopia_Event_2026-05-30_16-26-59.jpg
35,Nextopia,30/5/2026,16:27:36,N/A,N/A,N/A,N/A,N/A,Photo,21.9,pride,0,0,0,Nextopia_Event_2026-05-30_16-27-36.jpg
36,Nextopia,30/5/2026,16:28:19,N/A,N/A,N/A,N/A,N/A,Video,28.4,pride,1,1,0,Nextopia_Event_2026-05-30_16-28-19.mp4
37,Nextopia,30/5/2026,16:29:19,N/A,N/A,N/A,N/A,N/A,Abandoned,30.5,pride,0,0,0,N/A
38,Nextopia,30/5/2026,16:30:00,N/A,N/A,N/A,N/A,N/A,Video,37.3,pride,3,1,0,Nextopia_Event_2026-05-30_16-30-00.mp4
39,Nextopia,30/5/2026,16:30:56,N/A,N/A,N/A,N/A,N/A,Photo,26.3,pride,0,0,0,Nextopia_Event_2026-05-30_16-30-56.jpg
40,Nextopia,30/5/2026,16:31:39,N/A,N/A,N/A,N/A,N/A,Video,32.1,pride,0,0,0,Nextopia_Event_2026-05-30_16-31-39.mp4
42,Nextopia,30/5/2026,16:37:40,N/A,N/A,N/A,N/A,N/A,Photo,36.4,nextopia,1,0,0,Nextopia_Event_2026-05-30_16-37-40.jpg
43,Nextopia,30/5/2026,16:46:12,N/A,N/A,N/A,N/A,N/A,Abandoned,30.5,nextopia,0,0,0,N/A
44,Nextopia,30/5/2026,16:46:50,N/A,N/A,N/A,N/A,N/A,Abandoned,30.5,nextopia,0,0,0,N/A
45,Nextopia,30/5/2026,16:47:07,N/A,N/A,N/A,N/A,N/A,Photo,13.2,nextopia,1,0,0,Nextopia_Event_2026-05-30_16-47-07.jpg
46,Nextopia,30/5/2026,16:48:05,N/A,N/A,N/A,N/A,N/A,Video,28.7,nextopia,1,1,0,Nextopia_Event_2026-05-30_16-48-05.mp4
47,Nextopia,30/5/2026,16:49:07,N/A,N/A,N/A,N/A,N/A,Video,29,nextopia,1,1,0,Nextopia_Event_2026-05-30_16-49-07.mp4
48,Nextopia,30/5/2026,16:53:58,N/A,N/A,N/A,N/A,N/A,Photo,268.4,nextopia,1,1,0,Nextopia_Event_2026-05-30_16-53-58.jpg
49,Nextopia,30/5/2026,17:03:32,N/A,N/A,N/A,N/A,N/A,Video,35.4,pride,1,0,1,Nextopia_Event_2026-05-30_17-03-32.mp4
50,Nextopia,30/5/2026,17:31:21,N/A,N/A,N/A,N/A,N/A,Photo,10.5,pride,0,0,0,Nextopia_Event_2026-05-30_17-31-21.jpg
51,Nextopia,30/5/2026,17:31:44,N/A,N/A,N/A,N/A,N/A,Video,16.7,pride,0,0,0,Nextopia_Event_2026-05-30_17-31-44.mp4
52,Nextopia,30/5/2026,17:32:18,N/A,N/A,N/A,N/A,N/A,Abandoned,30.5,pride,0,0,0,N/A
53,Nextopia,30/5/2026,18:06:40,N/A,N/A,N/A,N/A,N/A,Video,37.9,pride,0,0,0,Nextopia_Event_2026-05-30_18-06-40.mp4
54,Nextopia,30/5/2026,18:08:09,N/A,N/A,N/A,N/A,N/A,Video,19.6,pride,0,0,0,Nextopia_Event_2026-05-30_18-08-09.mp4
56,Nextopia,30/5/2026,18:09:50,N/A,N/A,N/A,N/A,N/A,Photo,29,pride,2,1,0,Nextopia_Event_2026-05-30_18-09-50.jpg
57,Nextopia,30/5/2026,18:11:55,N/A,N/A,N/A,N/A,N/A,Video,49.3,nextopia,0,0,0,Nextopia_Event_2026-05-30_18-11-55.mp4
58,Nextopia,30/5/2026,18:12:42,N/A,N/A,N/A,N/A,N/A,Video,25.9,nextopia,1,1,0,Nextopia_Event_2026-05-30_18-12-42.mp4
59,Nextopia,30/5/2026,18:17:10,N/A,N/A,N/A,N/A,N/A,Abandoned,136.2,pride,0,0,0,N/A
60,Nextopia,30/5/2026,18:33:06,N/A,N/A,N/A,N/A,N/A,Video,18.6,pride,0,0,0,Nextopia_Event_2026-05-30_18-33-06.mp4
61,Nextopia,30/5/2026,18:33:56,N/A,N/A,N/A,N/A,N/A,Photo,31.2,pride,1,0,0,Nextopia_Event_2026-05-30_18-33-56.jpg
62,Nextopia,30/5/2026,18:34:48,N/A,N/A,N/A,N/A,N/A,Video,25.6,pride,1,1,1,Nextopia_Event_2026-05-30_18-34-48.mp4
63,Nextopia,30/5/2026,18:42:07,N/A,N/A,N/A,N/A,N/A,Photo,29.5,pride,2,1,0,Nextopia_Event_2026-05-30_18-42-07.jpg
64,Nextopia,30/5/2026,18:43:28,N/A,N/A,N/A,N/A,N/A,Video,38.1,pride,2,1,0,Nextopia_Event_2026-05-30_18-43-28.mp4
65,Nextopia,30/5/2026,18:44:51,N/A,N/A,N/A,N/A,N/A,Abandoned,30.5,pride,0,0,0,N/A
66,Nextopia,30/5/2026,19:23:59,N/A,N/A,N/A,N/A,N/A,Abandoned,30.5,nextopia,0,0,0,N/A
67,Nextopia,30/5/2026,19:26:41,N/A,N/A,N/A,N/A,N/A,Abandoned,30.5,nextopia,0,0,0,N/A
68,Nextopia,30/5/2026,19:43:30,N/A,N/A,N/A,N/A,N/A,Abandoned,143.1,nextopia,0,0,0,N/A
69,Nextopia,30/5/2026,19:48:23,N/A,N/A,N/A,N/A,N/A,Photo,12.9,pride,1,0,0,Nextopia_Event_2026-05-30_19-48-23.jpg
70,Nextopia,30/5/2026,19:48:54,N/A,N/A,N/A,N/A,N/A,Photo,10.9,pride,2,1,0,Nextopia_Event_2026-05-30_19-48-54.jpg
71,Nextopia,30/5/2026,19:50:04,N/A,N/A,N/A,N/A,N/A,Photo,19.9,pride,2,1,0,Nextopia_Event_2026-05-30_19-50-04.jpg
73,Nextopia,30/5/2026,19:50:30,N/A,N/A,N/A,N/A,N/A,Abandoned,0,pride,0,0,0,N/A
74,Nextopia,30/5/2026,19:51:01,N/A,N/A,N/A,N/A,N/A,Photo,28.5,pride,1,1,0,Nextopia_Event_2026-05-30_19-51-01.jpg
76,Nextopia,30/5/2026,19:53:57,N/A,N/A,N/A,N/A,N/A,Abandoned,157.3,pride,0,0,0,N/A
77,Nextopia,30/5/2026,20:23:18,N/A,N/A,N/A,N/A,N/A,Video,146.7,pride,1,1,0,Nextopia_Event_2026-05-30_20-23-18.mp4
78,Nextopia,30/5/2026,20:33:54,N/A,N/A,N/A,N/A,N/A,Abandoned,30.5,nextopia,0,0,0,N/A
79,Nextopia,30/5/2026,20:34:43,N/A,N/A,N/A,N/A,N/A,Abandoned,30.5,pride,0,0,0,N/A
80,Nextopia,30/5/2026,20:35:06,N/A,N/A,N/A,N/A,N/A,Photo,18.1,pride,2,0,0,Nextopia_Event_2026-05-30_20-35-06.jpg
81,Nextopia,30/5/2026,20:36:06,N/A,N/A,N/A,N/A,N/A,Photo,12.8,pride,2,0,0,Nextopia_Event_2026-05-30_20-36-06.jpg
82,Nextopia,30/5/2026,20:53:13,N/A,N/A,N/A,N/A,N/A,Abandoned,30.5,nextopia,0,0,0,N/A
83,Nextopia,30/5/2026,20:55:15,N/A,N/A,N/A,N/A,N/A,Abandoned,121.5,nextopia,0,0,0,N/A
84,Nextopia,30/5/2026,21:11:27,N/A,N/A,N/A,N/A,N/A,Photo,35.2,nextopia,3,1,0,Nextopia_Event_2026-05-30_21-11-27.jpg
85,Nextopia,30/5/2026,21:12:31,N/A,N/A,N/A,N/A,N/A,Abandoned,30.5,nextopia,0,0,0,N/A
86,Nextopia,30/5/2026,21:17:00,N/A,N/A,N/A,N/A,N/A,Photo,46.3,nextopia,1,1,0,Nextopia_Event_2026-05-30_21-17-00.jpg
87,Nextopia,30/5/2026,21:57:08,N/A,N/A,N/A,N/A,N/A,Abandoned,30.5,nextopia,0,0,0,N/A
88,Nextopia,30/5/2026,21:57:26,N/A,N/A,N/A,N/A,N/A,Photo,12.5,nextopia,0,0,0,Nextopia_Event_2026-05-30_21-57-26.jpg
89,Nextopia,30/5/2026,22:05:03,N/A,N/A,N/A,N/A,N/A,Photo,12.8,pride,1,1,0,Nextopia_Event_2026-05-30_22-05-03.jpg
90,Nextopia,30/5/2026,22:06:05,N/A,N/A,N/A,N/A,N/A,Photo,38.7,pride,2,1,0,Nextopia_Event_2026-05-30_22-06-05.jpg
91,Nextopia,30/5/2026,22:10:31,N/A,N/A,N/A,N/A,N/A,Photo,13.9,nextopia,1,1,0,Nextopia_Event_2026-05-30_22-10-31.jpg
92,Nextopia,30/5/2026,23:01:27,N/A,N/A,N/A,N/A,N/A,Video,43.3,pride,1,0,0,Nextopia_Event_2026-05-30_23-01-27.mp4
95,Nextopia,30/5/2026,23:40:07,N/A,N/A,N/A,N/A,N/A,Photo,48.3,pride,1,1,0,Nextopia_Event_2026-05-30_23-40-07.jpg
96,Nextopia,30/5/2026,23:40:59,N/A,N/A,N/A,N/A,N/A,Abandoned,30.5,pride,0,0,0,N/A
97,Nextopia,30/5/2026,23:41:50,N/A,N/A,N/A,N/A,N/A,Abandoned,30.5,nextopia,0,0,0,N/A
98,Nextopia,30/5/2026,23:42:23,N/A,N/A,N/A,N/A,N/A,Abandoned,30.5,nextopia,0,0,0,N/A
99,Nextopia,30/5/2026,23:42:55,N/A,N/A,N/A,N/A,N/A,Abandoned,30.5,nextopia,0,0,0,N/A
100,Nextopia,30/5/2026,23:46:55,N/A,N/A,N/A,N/A,N/A,Photo,240.4,nextopia,1,1,0,Nextopia_Event_2026-05-30_23-46-55.jpg
101,Nextopia,31/5/2026,0:03:54,N/A,N/A,N/A,N/A,N/A,Photo,9.3,nextopia,1,0,0,Nextopia_Event_2026-05-31_00-03-54.jpg
102,Nextopia,31/5/2026,0:12:49,N/A,N/A,N/A,N/A,N/A,Video,15,nextopia,1,1,1,Nextopia_Event_2026-05-31_00-12-49.mp4
103,Nextopia,31/5/2026,0:14:39,N/A,N/A,N/A,N/A,N/A,Photo,9.4,pride,1,1,1,Nextopia_Event_2026-05-31_00-14-39.jpg
104,Nextopia,31/5/2026,0:15:52,N/A,N/A,N/A,N/A,N/A,Photo,11.5,pride,1,0,1,Nextopia_Event_2026-05-31_00-15-52.jpg
1,Nextopia,31/5/2026,0:20:17,N/A,N/A,N/A,N/A,N/A,Photo,9.7,nextopia,0,0,0,Nextopia_Event_2026-05-31_00-20-17.jpg
2,Nextopia,31/5/2026,1:07:46,N/A,N/A,N/A,N/A,N/A,Abandoned,30.5,nextopia,0,0,0,N/A
3,Nextopia,31/5/2026,1:17:26,N/A,N/A,N/A,N/A,N/A,Photo,9.7,pride,0,0,0,Nextopia_Event_2026-05-31_01-17-26.jpg
8,Nextopia,31/5/2026,8:19:59,N/A,N/A,N/A,N/A,N/A,Abandoned,30.5,nextopia,0,0,0,N/A
9,Nextopia,31/5/2026,10:27:16,N/A,N/A,N/A,N/A,N/A,Video,48.6,nextopia,0,0,0,Nextopia_Event_2026-05-31_10-27-16.mp4
10,Nextopia,31/5/2026,10:27:54,N/A,N/A,N/A,N/A,N/A,Photo,14.9,nextopia,0,0,0,Nextopia_Event_2026-05-31_10-27-54.jpg
11,Nextopia,31/5/2026,10:29:54,N/A,N/A,N/A,N/A,N/A,Video,18.2,pride,0,0,0,Nextopia_Event_2026-05-31_10-29-54.mp4
12,Nextopia,31/5/2026,10:30:18,N/A,N/A,N/A,N/A,N/A,Photo,9,pride,0,0,0,Nextopia_Event_2026-05-31_10-30-18.jpg
13,Nextopia,31/5/2026,10:30:46,N/A,N/A,N/A,N/A,N/A,Video,18.6,pride,1,0,0,Nextopia_Event_2026-05-31_10-30-46.mp4
14,Nextopia,31/5/2026,10:34:00,N/A,N/A,N/A,N/A,N/A,Photo,19.9,nextopia,0,0,0,Nextopia_Event_2026-05-31_10-34-00.jpg
15,Nextopia,31/5/2026,10:35:54,N/A,N/A,N/A,N/A,N/A,Photo,35.8,pride,1,0,0,Nextopia_Event_2026-05-31_10-35-54.jpg
16,Nextopia,31/5/2026,10:38:32,N/A,N/A,N/A,N/A,N/A,Photo,70.2,pride,1,0,0,Nextopia_Event_2026-05-31_10-38-32.jpg
18,Nextopia,31/5/2026,10:40:45,N/A,N/A,N/A,N/A,N/A,Video,42.3,pride,1,0,0,Nextopia_Event_2026-05-31_10-40-45.mp4
21,Nextopia,31/5/2026,11:09:57,N/A,N/A,N/A,N/A,N/A,Photo,47.8,pride,2,1,0,Nextopia_Event_2026-05-31_11-09-57.jpg
22,Nextopia,31/5/2026,11:10:48,N/A,N/A,N/A,N/A,N/A,Video,19.7,pride,1,0,0,Nextopia_Event_2026-05-31_11-10-48.mp4
23,Nextopia,31/5/2026,12:23:41,N/A,N/A,N/A,N/A,N/A,Abandoned,123,nextopia,0,0,0,N/A
24,Nextopia,31/5/2026,12:25:35,N/A,N/A,N/A,N/A,N/A,Photo,31.4,nextopia,1,1,0,Nextopia_Event_2026-05-31_12-25-35.jpg
25,Nextopia,31/5/2026,12:26:37,N/A,N/A,N/A,N/A,N/A,Photo,14.4,nextopia,1,1,0,Nextopia_Event_2026-05-31_12-26-37.jpg
26,Nextopia,31/5/2026,12:28:00,N/A,N/A,N/A,N/A,N/A,Photo,38.6,nextopia,1,1,0,Nextopia_Event_2026-05-31_12-28-00.jpg
27,Nextopia,31/5/2026,12:28:57,N/A,N/A,N/A,N/A,N/A,Abandoned,30.5,nextopia,0,0,0,N/A
28,Nextopia,31/5/2026,12:30:23,N/A,N/A,N/A,N/A,N/A,Photo,32.1,nextopia,1,1,0,Nextopia_Event_2026-05-31_12-30-23.jpg
29,Nextopia,31/5/2026,12:32:07,N/A,N/A,N/A,N/A,N/A,Video,23.1,pride,1,1,0,Nextopia_Event_2026-05-31_12-32-07.mp4
30,Nextopia,31/5/2026,12:37:57,N/A,N/A,N/A,N/A,N/A,Photo,66,nextopia,3,1,0,Nextopia_Event_2026-05-31_12-37-57.jpg
31,Nextopia,31/5/2026,12:39:03,N/A,N/A,N/A,N/A,N/A,Video,24.3,nextopia,2,1,0,Nextopia_Event_2026-05-31_12-39-03.mp4
32,Nextopia,31/5/2026,13:04:45,N/A,N/A,N/A,N/A,N/A,Photo,14.1,nextopia,1,1,0,Nextopia_Event_2026-05-31_13-04-45.jpg
33,Nextopia,31/5/2026,13:05:51,N/A,N/A,N/A,N/A,N/A,Video,17.4,nextopia,1,1,0,Nextopia_Event_2026-05-31_13-05-51.mp4
34,Nextopia,31/5/2026,13:40:39,N/A,N/A,N/A,N/A,N/A,Photo,20.5,pride,0,0,0,Nextopia_Event_2026-05-31_13-40-39.jpg
35,Nextopia,31/5/2026,13:40:59,N/A,N/A,N/A,N/A,N/A,Photo,10.3,pride,0,0,0,Nextopia_Event_2026-05-31_13-40-59.jpg
36,Nextopia,31/5/2026,13:41:32,N/A,N/A,N/A,N/A,N/A,Video,20.3,pride,1,0,0,Nextopia_Event_2026-05-31_13-41-32.mp4
37,Nextopia,31/5/2026,14:05:36,N/A,N/A,N/A,N/A,N/A,Photo,32.1,pride,1,0,0,Nextopia_Event_2026-05-31_14-05-36.jpg
1,Nextopia,31/5/2026,14:21:39,N/A,N/A,N/A,N/A,N/A,Photo,9.2,pride,0,0,0,Nextopia_Event_2026-05-31_14-21-39.jpg
2,Nextopia,31/5/2026,14:31:02,N/A,N/A,N/A,N/A,N/A,Abandoned,30.5,pride,0,0,0,N/A
3,Nextopia,31/5/2026,14:31:37,N/A,N/A,N/A,N/A,N/A,Abandoned,30.5,pride,0,0,0,N/A
4,Nextopia,31/5/2026,14:32:07,N/A,N/A,N/A,N/A,N/A,Photo,27.9,pride,0,0,0,Nextopia_Event_2026-05-31_14-32-07.jpg
5,Nextopia,31/5/2026,14:35:15,N/A,N/A,N/A,N/A,N/A,Photo,105.1,nextopia,0,0,0,Nextopia_Event_2026-05-31_14-35-15.jpg
6,Nextopia,31/5/2026,14:41:46,N/A,N/A,N/A,N/A,N/A,Abandoned,121.5,nextopia,0,0,0,N/A
7,Nextopia,31/5/2026,14:53:50,N/A,N/A,N/A,N/A,N/A,Photo,37.7,pride,1,1,0,Nextopia_Event_2026-05-31_14-53-50.jpg
8,Nextopia,31/5/2026,15:04:12,N/A,N/A,N/A,N/A,N/A,Photo,48.7,nextopia,0,0,0,Nextopia_Event_2026-05-31_15-04-12.jpg
9,Nextopia,31/5/2026,15:05:04,N/A,N/A,N/A,N/A,N/A,Photo,35.5,nextopia,1,0,0,Nextopia_Event_2026-05-31_15-05-04.jpg
10,Nextopia,31/5/2026,15:05:42,N/A,N/A,N/A,N/A,N/A,Photo,18,nextopia,0,0,0,Nextopia_Event_2026-05-31_15-05-42.jpg
11,Nextopia,31/5/2026,15:06:57,N/A,N/A,N/A,N/A,N/A,Photo,58.2,nextopia,3,1,0,Nextopia_Event_2026-05-31_15-06-57.jpg
12,Nextopia,31/5/2026,15:08:27,N/A,N/A,N/A,N/A,N/A,Photo,27.6,nextopia,3,1,0,Nextopia_Event_2026-05-31_15-08-27.jpg
13,Nextopia,31/5/2026,15:09:48,N/A,N/A,N/A,N/A,N/A,Photo,33.3,nextopia,1,1,0,Nextopia_Event_2026-05-31_15-09-48.jpg
14,Nextopia,31/5/2026,15:10:43,N/A,N/A,N/A,N/A,N/A,Photo,16.2,nextopia,3,1,0,Nextopia_Event_2026-05-31_15-10-43.jpg
15,Nextopia,31/5/2026,15:22:52,N/A,N/A,N/A,N/A,N/A,Photo,14.2,nextopia,0,0,0,Nextopia_Event_2026-05-31_15-22-52.jpg
16,Nextopia,31/5/2026,15:23:27,N/A,N/A,N/A,N/A,N/A,Photo,25.1,nextopia,3,1,0,Nextopia_Event_2026-05-31_15-23-27.jpg
17,Nextopia,31/5/2026,15:24:42,N/A,N/A,N/A,N/A,N/A,Abandoned,30.5,nextopia,0,0,0,N/A
18,Nextopia,31/5/2026,15:25:22,N/A,N/A,N/A,N/A,N/A,Photo,32.4,nextopia,1,0,0,Nextopia_Event_2026-05-31_15-25-22.jpg
20,Nextopia,31/5/2026,15:27:13,N/A,N/A,N/A,N/A,N/A,Photo,42.1,pride,1,1,0,Nextopia_Event_2026-05-31_15-27-13.jpg
21,Nextopia,31/5/2026,15:28:05,N/A,N/A,N/A,N/A,N/A,Video,23.8,pride,1,1,0,Nextopia_Event_2026-05-31_15-28-05.mp4
22,Nextopia,31/5/2026,15:28:40,N/A,N/A,N/A,N/A,N/A,Photo,23.2,pride,1,1,0,Nextopia_Event_2026-05-31_15-28-40.jpg
23,Nextopia,31/5/2026,15:38:12,N/A,N/A,N/A,N/A,N/A,Photo,14.5,nextopia,2,1,0,Nextopia_Event_2026-05-31_15-38-12.jpg
24,Nextopia,31/5/2026,15:39:36,N/A,N/A,N/A,N/A,N/A,Abandoned,30.5,nextopia,0,0,0,N/A
25,Nextopia,31/5/2026,16:43:30,N/A,N/A,N/A,N/A,N/A,Photo,8.7,nextopia,0,0,0,Nextopia_Event_2026-05-31_16-43-30.jpg
1,Nextopia,31/5/2026,16:47:52,N/A,N/A,N/A,N/A,N/A,Photo,10,pride,0,0,0,Nextopia_Event_2026-05-31_16-47-52.jpg
2,Nextopia,31/5/2026,17:07:36,N/A,N/A,N/A,N/A,N/A,Abandoned,123.2,nextopia,0,0,0,N/A
3,Nextopia,31/5/2026,17:09:54,N/A,N/A,N/A,N/A,N/A,Photo,13.8,nextopia,0,0,0,Nextopia_Event_2026-05-31_17-09-54.jpg
4,Nextopia,31/5/2026,17:13:32,N/A,N/A,N/A,N/A,N/A,Abandoned,205.7,nextopia,0,0,0,N/A
5,Nextopia,31/5/2026,17:19:49,N/A,N/A,N/A,N/A,N/A,Photo,13.3,nextopia,1,1,0,Nextopia_Event_2026-05-31_17-19-49.jpg
7,Nextopia,31/5/2026,17:21:48,N/A,N/A,N/A,N/A,N/A,Video,26,nextopia,1,0,0,Nextopia_Event_2026-05-31_17-21-48.mp4
9,Nextopia,31/5/2026,17:38:46,N/A,N/A,N/A,N/A,N/A,Photo,13.6,nextopia,1,0,0,Nextopia_Event_2026-05-31_17-38-46.jpg
10,Nextopia,31/5/2026,17:49:48,N/A,N/A,N/A,N/A,N/A,Abandoned,30.5,pride,0,0,0,N/A
12,Nextopia,31/5/2026,17:54:29,N/A,N/A,N/A,N/A,N/A,Photo,30,pride,2,1,0,Nextopia_Event_2026-05-31_17-54-29.jpg
13,Nextopia,31/5/2026,18:08:22,N/A,N/A,N/A,N/A,N/A,Abandoned,30.5,pride,0,0,0,N/A
14,Nextopia,31/5/2026,18:20:43,N/A,N/A,N/A,N/A,N/A,Photo,18.4,pride,0,0,0,Nextopia_Event_2026-05-31_18-20-43.jpg
15,Nextopia,31/5/2026,18:21:41,N/A,N/A,N/A,N/A,N/A,Photo,47.6,pride,0,0,0,Nextopia_Event_2026-05-31_18-21-41.jpg
16,Nextopia,31/5/2026,18:25:55,N/A,N/A,N/A,N/A,N/A,Abandoned,30.5,pride,0,0,0,N/A
17,Nextopia,31/5/2026,18:28:37,N/A,N/A,N/A,N/A,N/A,Abandoned,159.1,pride,0,0,0,N/A
18,Nextopia,31/5/2026,18:31:07,N/A,N/A,N/A,N/A,N/A,Photo,28.4,pride,4,1,0,Nextopia_Event_2026-05-31_18-31-07.jpg
19,Nextopia,31/5/2026,18:33:23,N/A,N/A,N/A,N/A,N/A,Video,51.1,nextopia,4,1,0,Nextopia_Event_2026-05-31_18-33-23.mp4
23,Nextopia,31/5/2026,18:41:33,N/A,N/A,N/A,N/A,N/A,Photo,19.4,pride,1,0,0,Nextopia_Event_2026-05-31_18-41-33.jpg
24,Nextopia,31/5/2026,18:42:08,N/A,N/A,N/A,N/A,N/A,Photo,18.9,pride,2,1,0,Nextopia_Event_2026-05-31_18-42-08.jpg
25,Nextopia,31/5/2026,18:43:15,N/A,N/A,N/A,N/A,N/A,Photo,44.6,pride,0,0,0,Nextopia_Event_2026-05-31_18-43-15.jpg
26,Nextopia,31/5/2026,18:43:31,N/A,N/A,N/A,N/A,N/A,Photo,12.4,pride,2,0,0,Nextopia_Event_2026-05-31_18-43-31.jpg
27,Nextopia,31/5/2026,18:44:07,N/A,N/A,N/A,N/A,N/A,Photo,16.1,pride,3,1,0,Nextopia_Event_2026-05-31_18-44-07.jpg
28,Nextopia,31/5/2026,18:47:33,N/A,N/A,N/A,N/A,N/A,Video,54.7,nextopia,1,1,0,Nextopia_Event_2026-05-31_18-47-33.mp4
29,Nextopia,31/5/2026,18:48:27,N/A,N/A,N/A,N/A,N/A,Photo,15,nextopia,0,0,0,Nextopia_Event_2026-05-31_18-48-27.jpg
30,Nextopia,31/5/2026,18:49:02,N/A,N/A,N/A,N/A,N/A,Photo,26.2,nextopia,0,0,0,Nextopia_Event_2026-05-31_18-49-02.jpg
31,Nextopia,31/5/2026,18:49:43,N/A,N/A,N/A,N/A,N/A,Photo,21.3,pride,1,0,0,Nextopia_Event_2026-05-31_18-49-43.jpg
33,Nextopia,31/5/2026,18:50:41,N/A,N/A,N/A,N/A,N/A,Photo,21,pride,1,1,0,Nextopia_Event_2026-05-31_18-50-41.jpg
36,Nextopia,31/5/2026,18:52:01,N/A,N/A,N/A,N/A,N/A,Photo,58.8,pride,1,1,0,Nextopia_Event_2026-05-31_18-52-01.jpg
37,Nextopia,31/5/2026,18:52:41,N/A,N/A,N/A,N/A,N/A,Photo,23.9,pride,1,1,0,Nextopia_Event_2026-05-31_18-52-41.jpg
51,Nextopia,31/5/2026,18:55:14,N/A,N/A,N/A,N/A,N/A,Abandoned,124,pride,0,0,0,N/A
52,Nextopia,31/5/2026,19:11:26,N/A,N/A,N/A,N/A,N/A,Video,46.9,nextopia,2,1,0,Nextopia_Event_2026-05-31_19-11-26.mp4
53,Nextopia,31/5/2026,19:19:55,N/A,N/A,N/A,N/A,N/A,Video,24.8,nextopia,1,1,0,Nextopia_Event_2026-05-31_19-19-55.mp4
54,Nextopia,31/5/2026,19:27:27,N/A,N/A,N/A,N/A,N/A,Video,46.2,nextopia,3,1,0,Nextopia_Event_2026-05-31_19-27-27.mp4
55,Nextopia,31/5/2026,19:28:48,N/A,N/A,N/A,N/A,N/A,Photo,25.9,nextopia,1,1,0,Nextopia_Event_2026-05-31_19-28-48.jpg
56,Nextopia,31/5/2026,19:47:56,N/A,N/A,N/A,N/A,N/A,Photo,60,pride,0,0,0,Nextopia_Event_2026-05-31_19-47-56.jpg
57,Nextopia,31/5/2026,20:16:52,N/A,N/A,N/A,N/A,N/A,Photo,29.6,nextopia,1,0,0,Nextopia_Event_2026-05-31_20-16-52.jpg
58,Nextopia,31/5/2026,20:41:05,N/A,N/A,N/A,N/A,N/A,Photo,42.6,nextopia,0,0,0,Nextopia_Event_2026-05-31_20-41-05.jpg
59,Nextopia,31/5/2026,21:18:27,N/A,N/A,N/A,N/A,N/A,Photo,15.4,nextopia,0,0,0,Nextopia_Event_2026-05-31_21-18-27.jpg
60,Nextopia,31/5/2026,21:46:03,N/A,N/A,N/A,N/A,N/A,Photo,98.6,nextopia,0,0,0,Nextopia_Event_2026-05-31_21-46-03.jpg
62,"Nextopia",2026-05-31,21:53:34,"N/A","N/A","N/A","N/A","N/A","Photo",9.2,"pride",0,0,0,"Nextopia_Event_2026-05-31_21-53-34.jpg"
63,"Nextopia",2026-05-31,22:40:19,"N/A","N/A","N/A","N/A","N/A","Photo",60.2,"pride",0,0,0,"Nextopia_Event_2026-05-31_22-40-19.jpg"
64,"Nextopia",2026-06-01,02:33:59,"N/A","N/A","N/A","N/A","N/A","Photo",27.2,"nextopia",1,0,0,"Nextopia_Event_2026-06-01_02-33-59.jpg"
65,"Nextopia",2026-06-01,11:18:46,"N/A","N/A","N/A","N/A","N/A","Abandoned",30.5,"pride",0,0,0,"N/A"
66,"Nextopia",2026-06-01,11:35:23,"N/A","N/A","N/A","N/A","N/A","Abandoned",30.5,"pride",0,0,0,"N/A"
67,"Nextopia",2026-06-01,11:36:00,"N/A","N/A","N/A","N/A","N/A","Abandoned",30.5,"pride",0,0,0,"N/A"
68,"Nextopia",2026-06-01,11:36:40,"N/A","N/A","N/A","N/A","N/A","Abandoned",30.5,"pride",0,0,0,"N/A"
69,"Nextopia",2026-06-01,11:57:37,"N/A","N/A","N/A","N/A","N/A","Abandoned",30.5,"pride",0,0,0,"N/A"
70,"Nextopia",2026-06-01,12:32:16,"N/A","N/A","N/A","N/A","N/A","Abandoned",30.5,"pride",0,0,0,"N/A"
71,"Nextopia",2026-06-01,12:36:01,"N/A","N/A","N/A","N/A","N/A","Photo",10.5,"nextopia",0,0,0,"Nextopia_Event_2026-06-01_12-36-01.jpg"
72,"Nextopia",2026-06-01,12:37:24,"N/A","N/A","N/A","N/A","N/A","Video",20.1,"nextopia",0,0,0,"Nextopia_Event_2026-06-01_12-37-24.mp4"
73,"Nextopia",2026-06-01,12:44:50,"N/A","N/A","N/A","N/A","N/A","Photo",11.4,"nextopia",0,0,0,"Nextopia_Event_2026-06-01_12-44-50.jpg"
74,"Nextopia",2026-06-01,13:21:30,"N/A","N/A","N/A","N/A","N/A","Abandoned",30.5,"pride",0,0,0,"N/A"
76,"Nextopia",2026-06-01,13:37:45,"N/A","N/A","N/A","N/A","N/A","Photo",12.3,"pride",0,0,0,"Nextopia_Event_2026-06-01_13-37-45.jpg"
77,"Nextopia",2026-06-01,13:41:32,"N/A","N/A","N/A","N/A","N/A","Photo",8.4,"pride",0,0,0,"Nextopia_Event_2026-06-01_13-41-32.jpg"
78,"Nextopia",2026-06-01,13:47:30,"N/A","N/A","N/A","N/A","N/A","Abandoned",30.5,"nextopia",0,0,0,"N/A"
79,"Nextopia",2026-06-01,13:48:07,"N/A","N/A","N/A","N/A","N/A","Abandoned",30.5,"nextopia",0,0,0,"N/A"
80,"Nextopia",2026-06-01,13:52:22,"N/A","N/A","N/A","N/A","N/A","Photo",80.4,"nextopia",0,0,0,"Nextopia_Event_2026-06-01_13-52-22.jpg"
81,"Nextopia",2026-06-01,13:53:41,"N/A","N/A","N/A","N/A","N/A","Abandoned",30.5,"nextopia",0,0,0,"N/A"
82,"Nextopia",2026-06-01,14:02:57,"N/A","N/A","N/A","N/A","N/A","Abandoned",30.5,"pride",0,0,0,"N/A"
83,"Nextopia",2026-06-01,14:05:47,"N/A","N/A","N/A","N/A","N/A","Photo",169.7,"pride",0,0,0,"Nextopia_Event_2026-06-01_14-05-47.jpg"
84,"Nextopia",2026-06-01,14:07:49,"N/A","N/A","N/A","N/A","N/A","Photo",25.9,"pride",0,0,0,"Nextopia_Event_2026-06-01_14-07-49.jpg"
85,"Nextopia",2026-06-01,14:08:37,"N/A","N/A","N/A","N/A","N/A","Video",20.0,"pride",0,0,0,"Nextopia_Event_2026-06-01_14-08-37.mp4"
86,"Nextopia",2026-06-01,14:09:18,"N/A","N/A","N/A","N/A","N/A","Abandoned",30.5,"pride",0,0,0,"N/A"
87,"Nextopia",2026-06-01,14:09:54,"N/A","N/A","N/A","N/A","N/A","Abandoned",30.5,"pride",0,0,0,"N/A"
88,"Nextopia",2026-06-01,14:21:16,"N/A","N/A","N/A","N/A","N/A","Abandoned",669.4,"nextopia",0,0,0,"N/A"
89,"Nextopia",2026-06-01,15:02:11,"N/A","N/A","N/A","N/A","N/A","Photo",31.5,"pride",0,0,0,"Nextopia_Event_2026-06-01_15-02-11.jpg"
90,"Nextopia",2026-06-01,15:03:27,"N/A","N/A","N/A","N/A","N/A","Abandoned",30.5,"pride",0,0,0,"N/A"
91,"Nextopia",2026-06-01,15:29:58,"N/A","N/A","N/A","N/A","N/A","Photo",28.9,"pride",0,0,0,"Nextopia_Event_2026-06-01_15-29-58.jpg"
92,"Nextopia",2026-06-01,15:33:32,"N/A","N/A","N/A","N/A","N/A","Photo",147.3,"pride",0,0,0,"Nextopia_Event_2026-06-01_15-33-32.jpg"
93,"Nextopia",2026-06-01,15:34:23,"N/A","N/A","N/A","N/A","N/A","Photo",19.1,"pride",0,0,0,"Nextopia_Event_2026-06-01_15-34-23.jpg"
94,"Nextopia",2026-06-01,15:49:15,"N/A","N/A","N/A","N/A","N/A","Photo",48.6,"pride",0,0,0,"Nextopia_Event_2026-06-01_15-49-15.jpg"
95,"Nextopia",2026-06-01,15:50:35,"N/A","N/A","N/A","N/A","N/A","Abandoned",30.5,"pride",0,0,0,"N/A"
96,"Nextopia",2026-06-01,16:22:10,"N/A","N/A","N/A","N/A","N/A","Photo",15.6,"pride",0,0,0,"Nextopia_Event_2026-06-01_16-22-10.jpg"
97,"Nextopia",2026-06-01,16:24:26,"N/A","N/A","N/A","N/A","N/A","Photo",37.7,"pride",0,0,0,"Nextopia_Event_2026-06-01_16-24-26.jpg"
98,"Nextopia",2026-06-01,16:33:23,"N/A","N/A","N/A","N/A","N/A","Photo",80.2,"pride",0,0,0,"Nextopia_Event_2026-06-01_16-33-23.jpg"
99,"Nextopia",2026-06-01,16:43:08,"N/A","N/A","N/A","N/A","N/A","Photo",97.9,"nextopia",0,0,0,"Nextopia_Event_2026-06-01_16-43-08.jpg"
101,"Nextopia",2026-06-01,16:44:49,"N/A","N/A","N/A","N/A","N/A","Photo",33.0,"nextopia",0,0,0,"Nextopia_Event_2026-06-01_16-44-49.jpg"
102,"Nextopia",2026-06-01,16:46:23,"N/A","N/A","N/A","N/A","N/A","Photo",17.6,"pride",0,0,0,"Nextopia_Event_2026-06-01_16-46-23.jpg"
